make,model,variant,full_name,model_year,body_type,segment,generation,facelift_status,discontinued,price_ex_showroom,price_on_road,price_city,currency,fuel_type,engine_cc,cylinders,turbocharged,power_bhp,torque_nm,drivetrain,transmission,gearbox_speeds,acceleration_0_100_seconds,top_speed_kmph,mileage_arai_kmpl,mileage_arai_km_per_kg,mileage_real_world_kmpl,fuel_tank_capacity_litres,battery_capacity_kwh,claimed_ev_range_km,charging_time_ac_hours,charging_time_dc_minutes,seating_capacity,boot_space_litres,ground_clearance_mm,length_mm,width_mm,height_mm,wheelbase_mm,kerb_weight_kg,turning_radius_metres,airbags,abs,ebd,esc,traction_control,hill_assist,hill_descent_control,tyre_pressure_monitoring_system,rear_parking_sensors,front_parking_sensors,rear_camera,camera_360,adas_available,adaptive_cruise_control,lane_keep_assist,lane_departure_warning,automatic_emergency_braking,blind_spot_monitoring,crash_test_rating,crash_test_agency,sunroof,panoramic_sunroof,automatic_climate_control,cruise_control,ventilated_front_seats,powered_driver_seat,powered_front_seats,rear_ac_vents,keyless_entry,push_button_start,wireless_charging,infotainment_screen_inches,android_auto,apple_carplay,connected_car_features,standard_warranty_years,standard_warranty_km,service_interval_km,service_interval_months,estimated_annual_service_cost,reliability_score,resale_value_score,service_network_score,source,source_url,source_last_updated,scraped_at,scrape_run_id,field_completeness_score
Hyundai,Creta,E Petrol 1.5L Manual,Hyundai Creta E Petrol 1.5L Manual,,SUV,,,,,1090700,,,,Petrol,1497,,False,113.0,143.8,,Manual,,,,17.4,,,,,,,,5,,,,,,,,,6,True,,,,,,,,,,,,,,,,,,,,,,False,,,,,,,,,False,False,,,,,,,,,,CarWale,https://www.carwale.com/hyundai-cars/creta/e-petrol-15l-manual/,,2026-06-19T12:29:07.581350+00:00,a9d57e5f-e928-4a4b-a609-1a19af49f0be,26.37
Hyundai,Creta,EX Petrol 1.5L Manual,Hyundai Creta EX Petrol 1.5L Manual,,SUV,,,,,1206700,,,,Petrol,1497,,,113.0,143.8,,Manual,,,,17.4,,,,,,,,5,,,,,,,,,6,True,,,,,,,,,,,,,,,,,,,,,,False,,,,,,,,,True,True,,,,,,,,,,CarWale,https://www.carwale.com/hyundai-cars/creta/ex-petrol-15l-manual/,,2026-06-19T12:29:07.581816+00:00,d6c7d1ac-bacb-429a-bcc1-fdd9c364d510,25.27
Hyundai,Creta,E Diesel 1.5L Turbo Manual,Hyundai Creta E Diesel 1.5L Turbo Manual,,SUV,,,,,1252800,,,,Diesel,1493,,,114.0,250.0,,Manual,,,,21.8,,,,,,,,5,,,,,,,,,6,True,,,,,,,,,,,,,,,,,,,,,,False,,,,,,,,,False,False,,,,,,,,,,CarWale,https://www.carwale.com/hyundai-cars/creta/e-diesel-15l-turbo-manual/,,2026-06-19T12:29:07.581953+00:00,84a1dbba-2e41-449c-95ba-2bde6b3474a5,25.27
Hyundai,Creta,EX (O) Petrol 1.5L Manual,Hyundai Creta EX (O) Petrol 1.5L Manual,,SUV,,,,,1314200,,,,Petrol,1497,,,113.0,143.8,,Manual,,,,17.4,,,,,,,,5,,,,,,,,,6,True,,,,,,,,,,,,,,,,,,,,,,False,,,,,,,,,True,True,,,,,,,,,,CarWale,https://www.carwale.com/hyundai-cars/creta/ex-o-petrol-15l-manual/,,2026-06-19T12:29:07.582159+00:00,8872d59a-5942-4b71-9ef0-538dd12a2e84,25.27
Hyundai,Creta,EX Diesel 1.5L Turbo Manual,Hyundai Creta EX Diesel 1.5L Turbo Manual,,SUV,,,,,1365700,,,,Diesel,1493,,,114.0,250.0,,Manual,,,,21.8,,,,,,,,5,,,,,,,,,6,True,,,,,,,,,,,,,,,,,,,,,,False,,,,,,,,,True,True,,,,,,,,,,CarWale,https://www.carwale.com/hyundai-cars/creta/ex-diesel-15l-turbo-manual/,,2026-06-19T12:29:07.582362+00:00,fc68e79b-2016-4c18-b49c-6b1202ff62ea,25.27
Hyundai,Creta,S (O) Petrol 1.5L Manual,Hyundai Creta S (O) Petrol 1.5L Manual,,SUV,,,,,1420700,,,,Petrol,1497,,,113.0,143.8,,Manual,,,,17.4,,,,,,,,5,,,,,,,,,6,True,,,,,,,,,,,,,,,,,,,,,,True,,,,,,,,,True,True,,,,,,,,,,CarWale,https://www.carwale.com/hyundai-cars/creta/s-o-petrol-15l-manual/,,2026-06-19T12:29:07.582563+00:00,4873d443-e342-4411-80cc-836644d1fb57,25.27
Hyundai,Creta,S (O) Knight Petrol 1.5L Manual Knight Edition,Hyundai Creta S (O) Knight Petrol 1.5L Manual Knight Edition,,SUV,,,,,1439200,,,,Petrol,1497,,,113.0,143.8,,Manual,,,,17.4,,,,,,,,5,,,,,,,,,6,True,,,,,,,,,,,,,,,,,,,,,,True,,,,,,,,,True,True,,,,,,,,,,CarWale,https://www.carwale.com/hyundai-cars/creta/s-o-knight-petrol-15l-manual-knight-edition/,,2026-06-19T12:29:07.582764+00:00,189584a1-3e22-493a-8f73-b12ec003f850,25.27
Hyundai,Creta,EX (O) Petrol 1.5L CVT Speed Automatic (CVT),Hyundai Creta EX (O) Petrol 1.5L CVT Speed Automatic (CVT),,SUV,,,,,1449700,,,,Petrol,1497,,,113.0,143.8,,Automatic (CVT),,,,17.7,,,,,,,,5,,,,,,,,,6,True,,,,,,,,,,,,,,,,,,,,,,False,,,,,,,,,True,True,,,,,,,,,,CarWale,https://www.carwale.com/hyundai-cars/creta/ex-o-petrol-15l-cvt-speed-automatic-cvt/,,2026-06-19T12:29:07.582964+00:00,ff8363f5-1244-4e83-80ab-f8b4dc506807,25.27
Hyundai,Creta,EX (O) Diesel 1.5L Turbo Manual,Hyundai Creta EX (O) Diesel 1.5L Turbo Manual,,SUV,,,,,1473200,,,,Diesel,1493,,,114.0,250.0,,Manual,,,,21.8,,,,,,,,5,,,,,,,,,6,True,,,,,,,,,,,,,,,,,,,,,,False,,,,,,,,,True,True,,,,,,,,,,CarWale,https://www.carwale.com/hyundai-cars/creta/ex-o-diesel-15l-turbo-manual/,,2026-06-19T12:29:07.583164+00:00,a2466852-02db-486a-8d97-0358042b1daf,25.27
Hyundai,Creta,SX Petrol 1.5L Manual,Hyundai Creta SX Petrol 1.5L Manual,,SUV,,,,,1504400,,,,Petrol,1497,,,113.0,143.8,,Manual,,,,17.4,,,,,,,,5,,,,,,,,,6,True,,,,,,,,,,,,,,,,,,,,,,True,,,,,,,,,True,True,,,,,,,,,,CarWale,https://www.carwale.com/hyundai-cars/creta/sx-petrol-15l-manual/,,2026-06-19T12:29:07.583367+00:00,f9f9fc06-5a8e-461b-8877-9ef88d617eb8,25.27
Hyundai,Creta,SX Petrol 1.5L Manual Dual Tone,Hyundai Creta SX Petrol 1.5L Manual Dual Tone,,SUV,,,,,1519400,,,,Petrol,1497,,,113.0,143.8,,Manual,,,,17.4,,,,,,,,5,,,,,,,,,6,True,,,,,,,,,,,,,,,,,,,,,,True,,,,,,,,,True,True,,,,,,,,,,CarWale,https://www.carwale.com/hyundai-cars/creta/sx-petrol-15l-manual-dual-tone/,,2026-06-19T12:29:07.583568+00:00,cc730f2b-00fb-4ece-9de1-12ae718abfe0,25.27
Hyundai,Creta,S (O) Petrol 1.5L CVT Speed Automatic (CVT),Hyundai Creta S (O) Petrol 1.5L CVT Speed Automatic (CVT),,SUV,,,,,1565700,,,,Petrol,1497,,,113.0,143.8,,Automatic (CVT),,,,17.7,,,,,,,,5,,,,,,,,,6,True,,,,,,,,,,,,,,,,,,,,,,True,,,,,,,,,True,True,,,,,,,,,,CarWale,https://www.carwale.com/hyundai-cars/creta/s-o-petrol-15l-cvt-speed-automatic-cvt/,,2026-06-19T12:29:07.583768+00:00,49653d28-bd02-4f53-80e6-d26d669f0dc8,25.27
Hyundai,Creta,S (O) Diesel 1.5L Turbo Manual,Hyundai Creta S (O) Diesel 1.5L Turbo Manual,,SUV,,,,,1584700,,,,Diesel,1493,,,114.0,250.0,,Manual,,,,21.8,,,,,,,,5,,,,,,,,,6,True,,,,,,,,,,,,,,,,,,,,,,True,,,,,,,,,True,True,,,,,,,,,,CarWale,https://www.carwale.com/hyundai-cars/creta/s-o-diesel-15l-turbo-manual/,,2026-06-19T12:29:07.583965+00:00,7e2326a2-93d6-498e-96ff-ee2a014c3182,25.27
Hyundai,Creta,S (O) Knight Diesel 1.5L Turbo Manual Knight Edition,Hyundai Creta S (O) Knight Diesel 1.5L Turbo Manual Knight Edition,,SUV,,,,,1603200,,,,Diesel,1493,,,114.0,250.0,,Manual,,,,21.8,,,,,,,,5,,,,,,,,,6,True,,,,,,,,,,,,,,,,,,,,,,True,,,,,,,,,True,True,,,,,,,,,,CarWale,https://www.carwale.com/hyundai-cars/creta/s-o-knight-diesel-15l-turbo-manual-knight-edition/,,2026-06-19T12:29:07.584166+00:00,c6936df0-b77d-454a-9d06-51d8b16923de,25.27
Hyundai,Creta,SX Premium Petrol 1.5L Manual,Hyundai Creta SX Premium Petrol 1.5L Manual,,SUV,,,,,1634200,,,,Petrol,1497,,,113.0,143.8,,Manual,,,,17.4,,,,,,,,5,,,,,,,,,6,True,,,,,,,,,,,,,,,,,,,,,,True,,,,,,,,,True,True,,,,,,,,,,CarWale,https://www.carwale.com/hyundai-cars/creta/sx-premium-petrol-15l-manual/,,2026-06-19T12:29:07.584393+00:00,51cf0b34-9336-4485-984e-79e99ab6761e,25.27
Hyundai,Creta,SX Premium Petrol 1.5L Manual Dual Tone,Hyundai Creta SX Premium Petrol 1.5L Manual Dual Tone,,SUV,,,,,1649200,,,,Petrol,1497,,,113.0,143.8,,Manual,,,,17.4,,,,,,,,5,,,,,,,,,6,True,,,,,,,,,,,,,,,,,,,,,,True,,,,,,,,,True,True,,,,,,,,,,CarWale,https://www.carwale.com/hyundai-cars/creta/sx-premium-petrol-15l-manual-dual-tone/,,2026-06-19T12:29:07.584590+00:00,bf67d509-f8dc-4be1-88ba-c369ed5535ba,25.27
Hyundai,Creta,King Edition Petrol 1.5L Manual,Hyundai Creta King Edition Petrol 1.5L Manual,,SUV,,,,,1727800,,,,Petrol,1497,,,113.0,143.8,,Manual,,,,17.4,,,,,,,,5,,,,,,,,,6,True,,,,,,,,,,,,,,,,,,,,,,True,,,,,,,,,True,True,,,,,,,,,,CarWale,https://www.carwale.com/hyundai-cars/creta/king-edition-petrol-15l-manual/,,2026-06-19T12:29:07.584794+00:00,45dd1def-936b-41b3-a336-decacfee8b36,25.27
Hyundai,Creta,S (O) Diesel 1.5L Turbo Automatic (TC),Hyundai Creta S (O) Diesel 1.5L Turbo Automatic (TC),,SUV,,,,,1729700,,,,Diesel,1493,,,114.0,250.0,,Automatic (TC),,,,19.1,,,,,,,,5,,,,,,,,,6,True,,,,,,,,,,,,,,,,,,,,,,True,,,,,,,,,True,True,,,,,,,,,,CarWale,https://www.carwale.com/hyundai-cars/creta/s-o-diesel-15l-turbo-automatic-tc/,,2026-06-19T12:29:07.584995+00:00,0ea5280d-8e7e-4ee4-a82d-68d9438cae00,25.27
Hyundai,Creta,King Edition Petrol 1.5L Manual Dual Tone,Hyundai Creta King Edition Petrol 1.5L Manual Dual Tone,,SUV,,,,,1742800,,,,Petrol,1497,,,113.0,143.8,,Manual,,,,17.4,,,,,,,,5,,,,,,,,,6,True,,,,,,,,,,,,,,,,,,,,,,True,,,,,,,,,True,True,,,,,,,,,,CarWale,https://www.carwale.com/hyundai-cars/creta/king-edition-petrol-15l-manual-dual-tone/,,2026-06-19T12:29:07.585194+00:00,8c330681-b0d9-44de-83b1-f3c657aafa07,25.27
Hyundai,Creta,SX Premium Petrol 1.5L CVT Speed Automatic (CVT),Hyundai Creta SX Premium Petrol 1.5L CVT Speed Automatic (CVT),,SUV,,,,,1778700,,,,Petrol,1497,,,113.0,143.8,,Automatic (CVT),,,,17.7,,,,,,,,5,,,,,,,,,6,True,,,,,,,,,,,,,,,,,,,,,,True,,,,,,,,,True,True,,,,,,,,,,CarWale,https://www.carwale.com/hyundai-cars/creta/sx-premium-petrol-15l-cvt-speed-automatic-cvt/,,2026-06-19T12:29:07.585391+00:00,462668a6-b85d-4e81-8056-b8235fec2553,25.27
Hyundai,Creta,SX Premium Diesel 1.5L Turbo Manual,Hyundai Creta SX Premium Diesel 1.5L Turbo Manual,,SUV,,,,,1792700,,,,Diesel,1493,,,114.0,250.0,,Manual,,,,21.8,,,,,,,,5,,,,,,,,,6,True,,,,,,,,,,,,,,,,,,,,,,True,,,,,,,,,True,True,,,,,,,,,,CarWale,https://www.carwale.com/hyundai-cars/creta/sx-premium-diesel-15l-turbo-manual/,,2026-06-19T12:29:07.585589+00:00,6cf49a39-f6d6-46b3-ab26-833abc7d6a98,25.27
Hyundai,Creta,SX Premium Petrol 1.5L CVT Speed Automatic (CVT) Dual Tone,Hyundai Creta SX Premium Petrol 1.5L CVT Speed Automatic (CVT) Dual Tone,,SUV,,,,,1793700,,,,Petrol,1497,,,113.0,143.8,,Automatic (CVT),,,,17.7,,,,,,,,5,,,,,,,,,6,True,,,,,,,,,,,,,,,,,,,,,,True,,,,,,,,,True,True,,,,,,,,,,CarWale,https://www.carwale.com/hyundai-cars/creta/sx-premium-petrol-15l-cvt-speed-automatic-cvt-dual-tone/,,2026-06-19T12:29:07.585904+00:00,ad82e5e6-94bf-45de-afdc-291d7473bdc2,25.27
Hyundai,Creta,SX Premium Diesel 1.5L Turbo Manual Dual Tone,Hyundai Creta SX Premium Diesel 1.5L Turbo Manual Dual Tone,,SUV,,,,,1807700,,,,Diesel,1493,,,114.0,250.0,,Manual,,,,21.8,,,,,,,,5,,,,,,,,,6,True,,,,,,,,,,,,,,,,,,,,,,True,,,,,,,,,True,True,,,,,,,,,,CarWale,https://www.carwale.com/hyundai-cars/creta/sx-premium-diesel-15l-turbo-manual-dual-tone/,,2026-06-19T12:29:07.586150+00:00,16042204-a5b6-4b84-ae76-daf6cb2da7b4,25.27
Hyundai,Creta,King Edition Petrol 1.5L CVT Speed Automatic (CVT),Hyundai Creta King Edition Petrol 1.5L CVT Speed Automatic (CVT),,SUV,,,,,1868800,,,,Petrol,1497,,,113.0,143.8,,Automatic (CVT),,,,17.7,,,,,,,,5,,,,,,,,,6,True,,,,,,,,,,,,,,,,,,,,,,True,,,,,,,,,True,True,,,,,,,,,,CarWale,https://www.carwale.com/hyundai-cars/creta/king-edition-petrol-15l-cvt-speed-automatic-cvt/,,2026-06-19T12:29:07.586368+00:00,03f0ac6d-e699-4a05-b393-246972986fa9,25.27
Hyundai,Creta,King Knight Edition Petrol 1.5L CVT Speed Automatic (CVT),Hyundai Creta King Knight Edition Petrol 1.5L CVT Speed Automatic (CVT),,SUV,,,,,1883300,,,,Petrol,1497,,,113.0,143.8,,Automatic (CVT),,,,17.7,,,,,,,,5,,,,,,,,,6,True,,,,,,,,,,,,,,,,,,,,,,True,,,,,,,,,True,True,,,,,,,,,,CarWale,https://www.carwale.com/hyundai-cars/creta/king-knight-edition-petrol-15l-cvt-speed-automatic-cvt/,,2026-06-19T12:29:07.586575+00:00,b4d7fe4f-94dc-4c3a-95bc-801a524fe31c,25.27
Hyundai,Creta,King Edition Diesel 1.5L Turbo Manual,Hyundai Creta King Edition Diesel 1.5L Turbo Manual,,SUV,,,,,1885800,,,,Diesel,1493,,,114.0,250.0,,Manual,,,,21.8,,,,,,,,5,,,,,,,,,6,True,,,,,,,,,,,,,,,,,,,,,,True,,,,,,,,,True,True,,,,,,,,,,CarWale,https://www.carwale.com/hyundai-cars/creta/king-edition-diesel-15l-turbo-manual/,,2026-06-19T12:29:07.586781+00:00,75f883a9-e3ea-44f0-9dff-cf99d6bfa1f6,25.27
Hyundai,Creta,King Edition Diesel 1.5L Turbo Manual Dual Tone,Hyundai Creta King Edition Diesel 1.5L Turbo Manual Dual Tone,,SUV,,,,,1900800,,,,Diesel,1493,,,114.0,250.0,,Manual,,,,21.8,,,,,,,,5,,,,,,,,,6,True,,,,,,,,,,,,,,,,,,,,,,True,,,,,,,,,True,True,,,,,,,,,,CarWale,https://www.carwale.com/hyundai-cars/creta/king-edition-diesel-15l-turbo-manual-dual-tone/,,2026-06-19T12:29:07.586982+00:00,8379013b-5b94-4702-b611-6d55acf148e5,25.27
Hyundai,Creta,King Edition Diesel 1.5L Turbo Automatic (TC),Hyundai Creta King Edition Diesel 1.5L Turbo Automatic (TC),,SUV,,,,,1977800,,,,Diesel,1493,,,114.0,250.0,,Automatic (TC),,,,19.1,,,,,,,,5,,,,,,,,,6,True,,,,,,,,,,,,,,,,,,,,,,True,,,,,,,,,True,True,,,,,,,,,,CarWale,https://www.carwale.com/hyundai-cars/creta/king-edition-diesel-15l-turbo-automatic-tc/,,2026-06-19T12:29:07.587184+00:00,86ab19fc-fa43-4c0d-af3d-2014509e0d68,25.27
Hyundai,Creta,King Edition Petrol 1.5L Automatic (DCT),Hyundai Creta King Edition Petrol 1.5L Automatic (DCT),,SUV,,,,,1991300,,,,Petrol,1482,,,158.0,253.0,,Automatic (DCT),,,,18.4,,,,,,,,5,,,,,,,,,6,True,,,,,,,,,,,,,,,,,,,,,,True,,,,,,,,,True,True,,,,,,,,,,CarWale,https://www.carwale.com/hyundai-cars/creta/king-edition-petrol-15l-automatic-dct/,,2026-06-19T12:29:07.587413+00:00,e6c14705-f8cd-4071-89df-c1683d1f5a65,25.27
Hyundai,Creta,King Edition Diesel 1.5L Turbo Automatic (TC) Dual Tone,Hyundai Creta King Edition Diesel 1.5L Turbo Automatic (TC) Dual Tone,,SUV,,,,,1992800,,,,Diesel,1493,,,114.0,250.0,,Automatic (TC),,,,19.1,,,,,,,,5,,,,,,,,,6,True,,,,,,,,,,,,,,,,,,,,,,True,,,,,,,,,True,True,,,,,,,,,,CarWale,https://www.carwale.com/hyundai-cars/creta/king-edition-diesel-15l-turbo-automatic-tc-dual-tone/,,2026-06-19T12:29:07.587640+00:00,2fbabb3b-6caf-41b7-a1a0-bbd02609b0d7,25.27
Hyundai,Creta,King Edition Petrol 1.5L Turbo Automatic (DCT) Dual Tone,Hyundai Creta King Edition Petrol 1.5L Turbo Automatic (DCT) Dual Tone,,SUV,,,,,2006300,,,,Petrol,1482,,,158.0,253.0,,Automatic (DCT),,,,18.4,,,,,,,,5,,,,,,,,,6,True,,,,,,,,,,,,,,,,,,,,,,True,,,,,,,,,True,True,,,,,,,,,,CarWale,https://www.carwale.com/hyundai-cars/creta/king-edition-petrol-15l-turbo-automatic-dct-dual-tone/,,2026-06-19T12:29:07.587840+00:00,68f9d38d-7947-4794-8fbd-a4dea3726742,25.27
Mahindra,XUV 3XO,MX1 Petrol 1.2L Turbo Manual,Mahindra XUV 3XO MX1 Petrol 1.2L Turbo Manual,,SUV,,,,,754000,,,,Petrol,1197,,True,110.0,200.0,,Manual,,,,18.89,,,,,,,,5,,,,,,,,,6,True,,,,,,,,,,,,,,,,,,,,,,False,,,,,,,,,False,False,,,,,,,,,,CarWale,https://www.carwale.com/mahindra-cars/xuv-3xo/mx1-petrol-12l-turbo-manual/,,2026-06-19T12:29:08.086692+00:00,b5c2eba5-927d-4a9e-a9d8-1d2d9b55f9c7,26.37
Mahindra,XUV 3XO,REVX M Petrol 1.2L Turbo Manual,Mahindra XUV 3XO REVX M Petrol 1.2L Turbo Manual,,SUV,,,,,839400,,,,Petrol,1197,,,110.0,200.0,,Manual,,,,18.89,,,,,,,,5,,,,,,,,,6,True,,,,,,,,,,,,,,,,,,,,,,False,,,,,,,,,False,False,,,,,,,,,,CarWale,https://www.carwale.com/mahindra-cars/xuv-3xo/revx-m-petrol-12l-turbo-manual/,,2026-06-19T12:29:08.086969+00:00,97465aeb-5ed2-46c8-ba7e-785949de57d3,25.27
Mahindra,XUV 3XO,REVX M (O) Petrol 1.2L Turbo Manual,Mahindra XUV 3XO REVX M (O) Petrol 1.2L Turbo Manual,,SUV,,,,,891000,,,,Petrol,1197,,,110.0,200.0,,Manual,,,,18.89,,,,,,,,5,,,,,,,,,6,True,,,,,,,,,,,,,,,,,,,,,,False,,,,,,,,,False,False,,,,,,,,,,CarWale,https://www.carwale.com/mahindra-cars/xuv-3xo/revx-m-o-petrol-12l-turbo-manual/,,2026-06-19T12:29:08.087186+00:00,49ba3d92-2c66-4587-a316-a98c236e3352,25.27
Mahindra,XUV 3XO,MX2 Pro Petrol 1.2L Turbo Manual,Mahindra XUV 3XO MX2 Pro Petrol 1.2L Turbo Manual,,SUV,,,,,899000,,,,Petrol,1197,,,110.0,200.0,,Manual,,,,18.89,,,,,,,,5,,,,,,,,,6,True,,,,,,,,,,,,,,,,,,,,,,False,,,,,,,,,False,False,,,,,,,,,,CarWale,https://www.carwale.com/mahindra-cars/xuv-3xo/mx2-pro-petrol-12l-turbo-manual/,,2026-06-19T12:29:08.087390+00:00,da02f946-6361-40a9-838c-07f8dd74d2dd,25.27
Mahindra,XUV 3XO,MX3 Petrol 1.2L Turbo Manual,Mahindra XUV 3XO MX3 Petrol 1.2L Turbo Manual,,SUV,,,,,919500,,,,Petrol,1197,,,110.0,200.0,,Manual,,,,18.89,,,,,,,,5,,,,,,,,,6,True,,,,,,,,,,,,,,,,,,,,,,True,,,,,,,,,True,True,,,,,,,,,,CarWale,https://www.carwale.com/mahindra-cars/xuv-3xo/mx3-petrol-12l-turbo-manual/,,2026-06-19T12:29:08.087608+00:00,4a9114c8-5cdb-4283-8647-fa3bc6f2c8de,25.27
Mahindra,XUV 3XO,MX2 Diesel 1.5L Turbo Manual,Mahindra XUV 3XO MX2 Diesel 1.5L Turbo Manual,,SUV,,,,,922000,,,,Diesel,1498,,,115.0,300.0,,Manual,,,,20.6,,,,,,,,5,,,,,,,,,6,True,,,,,,,,,,,,,,,,,,,,,,False,,,,,,,,,False,False,,,,,,,,,,CarWale,https://www.carwale.com/mahindra-cars/xuv-3xo/mx2-diesel-15l-turbo-manual/,,2026-06-19T12:29:08.087810+00:00,70159bfa-dc91-43f9-ba2c-7ec47f9acf44,25.27
Mahindra,XUV 3XO,MX3 Pro Petrol 1.2L Turbo Manual,Mahindra XUV 3XO MX3 Pro Petrol 1.2L Turbo Manual,,SUV,,,,,942000,,,,Petrol,1197,,,110.0,200.0,,Manual,,,,18.89,,,,,,,,5,,,,,,,,,6,True,,,,,,,,,,,,,,,,,,,,,,True,,,,,,,,,True,True,,,,,,,,,,CarWale,https://www.carwale.com/mahindra-cars/xuv-3xo/mx3-pro-petrol-12l-turbo-manual/,,2026-06-19T12:29:08.088024+00:00,fc440793-a943-4efe-946a-239bce5927ab,25.27
Mahindra,XUV 3XO,MX2 Pro Diesel 1.5L Turbo Manual,Mahindra XUV 3XO MX2 Pro Diesel 1.5L Turbo Manual,,SUV,,,,,990000,,,,Diesel,1498,,,115.0,300.0,,Manual,,,,20.6,,,,,,,,5,,,,,,,,,6,True,,,,,,,,,,,,,,,,,,,,,,False,,,,,,,,,False,False,,,,,,,,,,CarWale,https://www.carwale.com/mahindra-cars/xuv-3xo/mx2-pro-diesel-15l-turbo-manual/,,2026-06-19T12:29:08.088221+00:00,a6deaedb-4733-4d85-bf66-21b8c4f8256b,25.27
Mahindra,XUV 3XO,MX2 Pro Petrol 1.2L Turbo Automatic (TC),Mahindra XUV 3XO MX2 Pro Petrol 1.2L Turbo Automatic (TC),,SUV,,,,,993500,,,,Petrol,1197,,,110.0,200.0,,Automatic (TC),,,,17.96,,,,,,,,5,,,,,,,,,6,True,,,,,,,,,,,,,,,,,,,,,,False,,,,,,,,,False,False,,,,,,,,,,CarWale,https://www.carwale.com/mahindra-cars/xuv-3xo/mx2-pro-petrol-12l-turbo-automatic-tc/,,2026-06-19T12:29:08.088416+00:00,52cceeda-c4bc-48eb-a12a-7f81fbe89fa6,25.27
Mahindra,XUV 3XO,AX5 Petrol 1.2L Turbo Manual,Mahindra XUV 3XO AX5 Petrol 1.2L Turbo Manual,,SUV,,,,,999900,,,,Petrol,1197,,,110.0,200.0,,Manual,,,,18.89,,,,,,,,5,,,,,,,,,6,True,,,,,,,,,,,,,,,,,,,,,,True,,,,,,,,,True,True,,,,,,,,,,CarWale,https://www.carwale.com/mahindra-cars/xuv-3xo/ax5-petrol-12l-turbo-manual/,,2026-06-19T12:29:08.088611+00:00,390e1fe3-5fad-4889-8494-4f9ea707324d,25.27
Mahindra,XUV 3XO,MX3 Diesel 1.5L Turbo Manual,Mahindra XUV 3XO MX3 Diesel 1.5L Turbo Manual,,SUV,,,,,1019500,,,,Diesel,1498,,,115.0,300.0,,Manual,,,,20.6,,,,,,,,5,,,,,,,,,6,True,,,,,,,,,,,,,,,,,,,,,,True,,,,,,,,,True,True,,,,,,,,,,CarWale,https://www.carwale.com/mahindra-cars/xuv-3xo/mx3-diesel-15l-turbo-manual/,,2026-06-19T12:29:08.088807+00:00,2d4d5033-105d-4170-b2b7-f82650fe681a,25.27
Mahindra,XUV 3XO,MX3 Pro Diesel 1.5L Turbo Manual,Mahindra XUV 3XO MX3 Pro Diesel 1.5L Turbo Manual,,SUV,,,,,1072500,,,,Diesel,1498,,,115.0,300.0,,Manual,,,,20.6,,,,,,,,5,,,,,,,,,6,True,,,,,,,,,,,,,,,,,,,,,,True,,,,,,,,,True,True,,,,,,,,,,CarWale,https://www.carwale.com/mahindra-cars/xuv-3xo/mx3-pro-diesel-15l-turbo-manual/,,2026-06-19T12:29:08.089003+00:00,4677489f-124f-4c32-8af2-b8c2b9e68a97,25.27
Mahindra,XUV 3XO,MX3 Petrol 1.2L Turbo Automatic (TC),Mahindra XUV 3XO MX3 Petrol 1.2L Turbo Automatic (TC),,SUV,,,,,1073900,,,,Petrol,1197,,,110.0,200.0,,Automatic (TC),,,,17.96,,,,,,,,5,,,,,,,,,6,True,,,,,,,,,,,,,,,,,,,,,,True,,,,,,,,,True,True,,,,,,,,,,CarWale,https://www.carwale.com/mahindra-cars/xuv-3xo/mx3-petrol-12l-turbo-automatic-tc/,,2026-06-19T12:29:08.089204+00:00,f8e6ff88-02e3-4be4-a125-66866c48f94c,25.27
Mahindra,XUV 3XO,MX3 Pro Petrol 1.2L Turbo Automatic (TC),Mahindra XUV 3XO MX3 Pro Petrol 1.2L Turbo Automatic (TC),,SUV,,,,,1102000,,,,Petrol,1197,,,110.0,200.0,,Automatic (TC),,,,17.96,,,,,,,,5,,,,,,,,,6,True,,,,,,,,,,,,,,,,,,,,,,True,,,,,,,,,True,True,,,,,,,,,,CarWale,https://www.carwale.com/mahindra-cars/xuv-3xo/mx3-pro-petrol-12l-turbo-automatic-tc/,,2026-06-19T12:29:08.089417+00:00,1dea1bc3-f578-441d-9882-282127b07b6c,25.27
Mahindra,XUV 3XO,MX3 Diesel 1.5L Turbo Automatic (AMT),Mahindra XUV 3XO MX3 Diesel 1.5L Turbo Automatic (AMT),,SUV,,,,,1109500,,,,Diesel,1498,,,115.0,300.0,,Automatic (AMT),,,,21.2,,,,,,,,5,,,,,,,,,6,True,,,,,,,,,,,,,,,,,,,,,,True,,,,,,,,,True,True,,,,,,,,,,CarWale,https://www.carwale.com/mahindra-cars/xuv-3xo/mx3-diesel-15l-turbo-automatic-amt/,,2026-06-19T12:29:08.089614+00:00,215f1188-bf14-45ee-a615-a505dfe66fc5,25.27
Mahindra,XUV 3XO,REVX A Petrol 1.2L Turbo Manual,Mahindra XUV 3XO REVX A Petrol 1.2L Turbo Manual,,SUV,,,,,1116500,,,,Petrol,1197,,,129.0,230.0,,Manual,,,,20.1,,,,,,,,5,,,,,,,,,6,True,,,,,,,,,,,,,,,,,,,,,,True,,,,,,,,,True,True,,,,,,,,,,CarWale,https://www.carwale.com/mahindra-cars/xuv-3xo/revx-a-petrol-12l-turbo-manual/,,2026-06-19T12:29:08.089809+00:00,fe5cb466-f51c-4e6e-a480-16f7f60a6c04,25.27
Mahindra,XUV 3XO,AX5 Diesel 1.5L Turbo Manual,Mahindra XUV 3XO AX5 Diesel 1.5L Turbo Manual,,SUV,,,,,1125500,,,,Diesel,1498,,,115.0,300.0,,Manual,,,,20.6,,,,,,,,5,,,,,,,,,6,True,,,,,,,,,,,,,,,,,,,,,,True,,,,,,,,,True,True,,,,,,,,,,CarWale,https://www.carwale.com/mahindra-cars/xuv-3xo/ax5-diesel-15l-turbo-manual/,,2026-06-19T12:29:08.090005+00:00,f841beb7-27b9-4d06-bd32-8f1dd2524270,25.27
Mahindra,XUV 3XO,AX5 Petrol 1.2L Turbo Automatic (TC),Mahindra XUV 3XO AX5 Petrol 1.2L Turbo Automatic (TC),,SUV,,,,,1176000,,,,Petrol,1197,,,110.0,200.0,,Automatic (TC),,,,17.96,,,,,,,,5,,,,,,,,,6,True,,,,,,,,,,,,,,,,,,,,,,True,,,,,,,,,True,True,,,,,,,,,,CarWale,https://www.carwale.com/mahindra-cars/xuv-3xo/ax5-petrol-12l-turbo-automatic-tc/,,2026-06-19T12:29:08.090201+00:00,78f5f312-e22f-4efb-bb2f-bfaf4bdae538,25.27
Mahindra,XUV 3XO,AX5L Petrol 1.2L Turbo Manual,Mahindra XUV 3XO AX5L Petrol 1.2L Turbo Manual,,SUV,,,,,1190500,,,,Petrol,1197,,,129.0,230.0,,Manual,,,,20.1,,,,,,,,5,,,,,,,,,6,True,,,,,,,,,,,,,,,,,,,,,,True,,,,,,,,,True,True,,,,,,,,,,CarWale,https://www.carwale.com/mahindra-cars/xuv-3xo/ax5l-petrol-12l-turbo-manual/,,2026-06-19T12:29:08.090401+00:00,9994280f-88cb-4cea-8363-22abd9b96262,25.27
Mahindra,XUV 3XO,AX5 Diesel 1.5L Turbo Automatic (AMT),Mahindra XUV 3XO AX5 Diesel 1.5L Turbo Automatic (AMT),,SUV,,,,,1205500,,,,Diesel,1498,,,115.0,300.0,,Automatic (AMT),,,,21.2,,,,,,,,5,,,,,,,,,6,True,,,,,,,,,,,,,,,,,,,,,,True,,,,,,,,,True,True,,,,,,,,,,CarWale,https://www.carwale.com/mahindra-cars/xuv-3xo/ax5-diesel-15l-turbo-automatic-amt/,,2026-06-19T12:29:08.090596+00:00,30fc2af2-e94b-40ee-8085-a678f116093a,25.27
Mahindra,XUV 3XO,AX7 Petrol 1.2L Turbo Manual Dual Tone,Mahindra XUV 3XO AX7 Petrol 1.2L Turbo Manual Dual Tone,,SUV,,,,,1207500,,,,Petrol,1197,,,129.0,230.0,,Manual,,,,20.1,,,,,,,,5,,,,,,,,,6,True,,,,,,,,,,,,,,,,,,,,,,True,,,,,,,,,True,True,,,,,,,,,,CarWale,https://www.carwale.com/mahindra-cars/xuv-3xo/ax7-petrol-12l-turbo-manual-dual-tone/,,2026-06-19T12:29:08.090790+00:00,8c86a1ad-e411-43ab-8936-cd405d6eaddd,25.27
Mahindra,XUV 3XO,REVX A Petrol 1.2L Turbo Automatic (TC),Mahindra XUV 3XO REVX A Petrol 1.2L Turbo Automatic (TC),,SUV,,,,,1227500,,,,Petrol,1197,,,129.0,230.0,,Automatic (TC),,,,18.2,,,,,,,,5,,,,,,,,,6,True,,,,,,,,,,,,,,,,,,,,,,True,,,,,,,,,True,True,,,,,,,,,,CarWale,https://www.carwale.com/mahindra-cars/xuv-3xo/revx-a-petrol-12l-turbo-automatic-tc/,,2026-06-19T12:29:08.090984+00:00,7730a8c2-d29d-44b9-80ab-e13cc9d64de5,25.27
Mahindra,XUV 3XO,AX7 Diesel 1.5L Turbo Manual Dual Tone,Mahindra XUV 3XO AX7 Diesel 1.5L Turbo Manual Dual Tone,,SUV,,,,,1288500,,,,Diesel,1498,,,115.0,300.0,,Manual,,,,20.6,,,,,,,,5,,,,,,,,,6,True,,,,,,,,,,,,,,,,,,,,,,True,,,,,,,,,True,True,,,,,,,,,,CarWale,https://www.carwale.com/mahindra-cars/xuv-3xo/ax7-diesel-15l-turbo-manual-dual-tone/,,2026-06-19T12:29:08.091178+00:00,da292f95-00f3-4fb6-843f-96169b847861,25.27
Mahindra,XUV 3XO,AX5L Petrol 1.2L Turbo Automatic (TC),Mahindra XUV 3XO AX5L Petrol 1.2L Turbo Automatic (TC),,SUV,,,,,1314500,,,,Petrol,1197,,,129.0,230.0,,Automatic (TC),,,,18.2,,,,,,,,5,,,,,,,,,6,True,,,,,,,,,,,,,,,,,,,,,,True,,,,,,,,,True,True,,,,,,,,,,CarWale,https://www.carwale.com/mahindra-cars/xuv-3xo/ax5l-petrol-12l-turbo-automatic-tc/,,2026-06-19T12:29:08.091372+00:00,e86d927b-059d-4e96-bf9a-4cf0f45c3323,25.27
Mahindra,XUV 3XO,AX7 Petrol 1.2L Turbo Automatic (TC) Dual Tone,Mahindra XUV 3XO AX7 Petrol 1.2L Turbo Automatic (TC) Dual Tone,,SUV,,,,,1321000,,,,Petrol,1197,,,129.0,230.0,,Automatic (TC),,,,18.2,,,,,,,,5,,,,,,,,,6,True,,,,,,,,,,,,,,,,,,,,,,True,,,,,,,,,True,True,,,,,,,,,,CarWale,https://www.carwale.com/mahindra-cars/xuv-3xo/ax7-petrol-12l-turbo-automatic-tc-dual-tone/,,2026-06-19T12:29:08.091762+00:00,e0623910-73b9-4459-930e-50b83ccfe18e,25.27
Mahindra,XUV 3XO,AX7 Diesel 1.5L Turbo Automatic (AMT) Dual Tone,Mahindra XUV 3XO AX7 Diesel 1.5L Turbo Automatic (AMT) Dual Tone,,SUV,,,,,1363500,,,,Diesel,1498,,,115.0,300.0,,Automatic (AMT),,,,21.2,,,,,,,,5,,,,,,,,,6,True,,,,,,,,,,,,,,,,,,,,,,True,,,,,,,,,True,True,,,,,,,,,,CarWale,https://www.carwale.com/mahindra-cars/xuv-3xo/ax7-diesel-15l-turbo-automatic-amt-dual-tone/,,2026-06-19T12:29:08.091956+00:00,40b7d4e3-7ed8-448a-8a10-77999c0589d5,25.27
Maruti Suzuki,Swift,LXi Petrol Manual,Maruti Suzuki Swift LXi Petrol Manual,,Hatchback,,,,,578900,,,,Petrol,1197,,False,80.0,111.7,,Manual,,,,24.8,,,,,,,,5,,,,,,,,,6,True,,,,,,,,,,,,,,,,,,,,,,False,,,,,,,,,False,False,,,,,,,,,,CarWale,https://www.carwale.com/maruti-suzuki-cars/swift/lxi-petrol-manual/,,2026-06-19T12:29:07.747567+00:00,9318d0c7-6af6-4bef-a15a-4de5cee790d0,26.37
Maruti Suzuki,Swift,VXi Petrol Manual,Maruti Suzuki Swift VXi Petrol Manual,,Hatchback,,,,,658900,,,,Petrol,1197,,,80.0,111.7,,Manual,,,,24.8,,,,,,,,5,,,,,,,,,6,True,,,,,,,,,,,,,,,,,,,,,,False,,,,,,,,,True,True,,,,,,,,,,CarWale,https://www.carwale.com/maruti-suzuki-cars/swift/vxi-petrol-manual/,,2026-06-19T12:29:07.747823+00:00,9bb35293-8f75-4484-950a-ce3061442baa,25.27
Maruti Suzuki,Swift,VXi (O) Petrol Manual,Maruti Suzuki Swift VXi (O) Petrol Manual,,Hatchback,,,,,684900,,,,Petrol,1197,,,80.0,111.7,,Manual,,,,24.8,,,,,,,,5,,,,,,,,,6,True,,,,,,,,,,,,,,,,,,,,,,False,,,,,,,,,True,True,,,,,,,,,,CarWale,https://www.carwale.com/maruti-suzuki-cars/swift/vxi-o-petrol-manual/,,2026-06-19T12:29:07.748041+00:00,8709a9e3-e74c-45e3-a8f8-ea06818ed48c,25.27
Maruti Suzuki,Swift,VXi Petrol Automatic,Maruti Suzuki Swift VXi Petrol Automatic,,Hatchback,,,,,703900,,,,Petrol,1197,,,80.0,111.7,,Automatic (AMT),,,,25.75,,,,,,,,5,,,,,,,,,6,True,,,,,,,,,,,,,,,,,,,,,,False,,,,,,,,,True,True,,,,,,,,,,CarWale,https://www.carwale.com/maruti-suzuki-cars/swift/vxi-petrol-automatic/,,2026-06-19T12:29:07.748256+00:00,945d987a-6af2-4c8e-80b1-15d46a11622f,25.27
Maruti Suzuki,Swift,VXi (O) Petrol Automatic,Maruti Suzuki Swift VXi (O) Petrol Automatic,,Hatchback,,,,,729900,,,,Petrol,1197,,,80.0,111.7,,Automatic (AMT),,,,25.75,,,,,,,,5,,,,,,,,,6,True,,,,,,,,,,,,,,,,,,,,,,False,,,,,,,,,True,True,,,,,,,,,,CarWale,https://www.carwale.com/maruti-suzuki-cars/swift/vxi-o-petrol-automatic/,,2026-06-19T12:29:07.748465+00:00,e13c41e4-bf2b-47bc-bd04-b8088dcaefdc,25.27
Maruti Suzuki,Swift,VXi CNG Manual,Maruti Suzuki Swift VXi CNG Manual,,Hatchback,,,,,744900,,,,CNG,1197,,,69.0,101.8,,Manual,,,,,32.85,,,,,,,5,,,,,,,,,6,True,,,,,,,,,,,,,,,,,,,,,,False,,,,,,,,,True,True,,,,,,,,,,CarWale,https://www.carwale.com/maruti-suzuki-cars/swift/vxi-cng-manual/,,2026-06-19T12:29:07.748673+00:00,e7a1b2d1-dca9-45eb-a997-73153379cdf4,25.27
Maruti Suzuki,Swift,ZXi Petrol Manual,Maruti Suzuki Swift ZXi Petrol Manual,,Hatchback,,,,,752900,,,,Petrol,1197,,,80.0,111.7,,Manual,,,,24.8,,,,,,,,5,,,,,,,,,6,True,,,,,,,,,,,,,,,,,,,,,,False,,,,,,,,,True,True,,,,,,,,,,CarWale,https://www.carwale.com/maruti-suzuki-cars/swift/zxi-petrol-manual/,,2026-06-19T12:29:07.748880+00:00,7320c273-77da-49e6-8ff1-6a9fffd75f12,25.27
Maruti Suzuki,Swift,VXi (O) CNG Manual,Maruti Suzuki Swift VXi (O) CNG Manual,,Hatchback,,,,,770900,,,,CNG,1197,,,69.0,101.8,,Manual,,,,,32.85,,,,,,,5,,,,,,,,,6,True,,,,,,,,,,,,,,,,,,,,,,False,,,,,,,,,True,True,,,,,,,,,,CarWale,https://www.carwale.com/maruti-suzuki-cars/swift/vxi-o-cng-manual/,,2026-06-19T12:29:07.749086+00:00,12a31609-d0b1-44ab-a047-239f4c6912c4,25.27
Maruti Suzuki,Swift,ZXi Petrol Automatic,Maruti Suzuki Swift ZXi Petrol Automatic,,Hatchback,,,,,797900,,,,Petrol,1197,,,80.0,111.7,,Automatic (AMT),,,,25.75,,,,,,,,5,,,,,,,,,6,True,,,,,,,,,,,,,,,,,,,,,,False,,,,,,,,,True,True,,,,,,,,,,CarWale,https://www.carwale.com/maruti-suzuki-cars/swift/zxi-petrol-automatic/,,2026-06-19T12:29:07.749293+00:00,7483d55c-ef4a-4a75-9193-234e89f7d612,25.27
Maruti Suzuki,Swift,ZXi Plus Petrol Manual,Maruti Suzuki Swift ZXi Plus Petrol Manual,,Hatchback,,,,,819900,,,,Petrol,1197,,,80.0,111.7,,Manual,,,,24.8,,,,,,,,5,,,,,,,,,6,True,,,,,,,,,,,,,,,,,,,,,,True,,,,,,,,,True,True,,,,,,,,,,CarWale,https://www.carwale.com/maruti-suzuki-cars/swift/zxi-plus-petrol-manual/,,2026-06-19T12:29:07.749499+00:00,c47bef09-5be0-4a8c-ab9b-fde9a84a77b4,25.27
Maruti Suzuki,Swift,ZXi Plus Petrol Manual Dual Tone,Maruti Suzuki Swift ZXi Plus Petrol Manual Dual Tone,,Hatchback,,,,,834900,,,,Petrol,1197,,,80.0,111.7,,Manual,,,,24.8,,,,,,,,5,,,,,,,,,6,True,,,,,,,,,,,,,,,,,,,,,,True,,,,,,,,,True,True,,,,,,,,,,CarWale,https://www.carwale.com/maruti-suzuki-cars/swift/zxi-plus-petrol-manual-dual-tone/,,2026-06-19T12:29:07.749705+00:00,427b2970-a0ca-4757-ba84-c35d6a31d921,25.27
Maruti Suzuki,Swift,ZXi CNG Manual,Maruti Suzuki Swift ZXi CNG Manual,,Hatchback,,,,,838900,,,,CNG,1197,,,69.0,101.8,,Manual,,,,,32.85,,,,,,,5,,,,,,,,,6,True,,,,,,,,,,,,,,,,,,,,,,False,,,,,,,,,True,True,,,,,,,,,,CarWale,https://www.carwale.com/maruti-suzuki-cars/swift/zxi-cng-manual/,,2026-06-19T12:29:07.749912+00:00,26f61797-b697-48e3-affb-d0485856a404,25.27
Maruti Suzuki,Swift,ZXi Plus Petrol Automatic,Maruti Suzuki Swift ZXi Plus Petrol Automatic,,Hatchback,,,,,864900,,,,Petrol,1197,,,80.0,111.7,,Automatic (AMT),,,,25.75,,,,,,,,5,,,,,,,,,6,True,,,,,,,,,,,,,,,,,,,,,,True,,,,,,,,,True,True,,,,,,,,,,CarWale,https://www.carwale.com/maruti-suzuki-cars/swift/zxi-plus-petrol-automatic/,,2026-06-19T12:29:07.750124+00:00,c9af73f8-fe22-4289-a207-8f45dfb443ff,25.27
Maruti Suzuki,Swift,ZXi Plus Petrol Automatic Dual Tone,Maruti Suzuki Swift ZXi Plus Petrol Automatic Dual Tone,,Hatchback,,,,,879900,,,,Petrol,1197,,,80.0,111.7,,Automatic (AMT),,,,25.75,,,,,,,,5,,,,,,,,,6,True,,,,,,,,,,,,,,,,,,,,,,True,,,,,,,,,True,True,,,,,,,,,,CarWale,https://www.carwale.com/maruti-suzuki-cars/swift/zxi-plus-petrol-automatic-dual-tone/,,2026-06-19T12:29:07.750331+00:00,80e1090d-dd90-4db0-ba68-f4ab936d7f93,25.27
MG,Windsor EV,Excite 38.0 kWh,MG Windsor EV Excite 38.0 kWh,,MUV,,,,,1409800,,,,Electric,,,,134.0,200.0,,Automatic,,,,,,,,38.0,331.0,,,5,,,,,,,,,6,True,,,,,,,,,,,,,,,,,,,,,,True,,,,,,,,,True,True,,,,,,,,,,CarWale,https://www.carwale.com/mg-cars/windsor-ev/excite-380-kwh/,,2026-06-19T12:29:07.857716+00:00,aa2cf872-fb33-4131-8a96-d915a98c8005,25.27
Tata,Nexon,Smart Petrol 1.2L Turbo 5 Speed Manual,Tata Nexon Smart Petrol 1.2L Turbo 5 Speed Manual,,SUV,,,,,736990,,,,Petrol,1199,3,True,118.0,170.0,FWD,Manual,5,,,17.44,,,,,,,,5,,,3995,1804,1620,2498.0,,,6,True,,,,,,,,,,,,,,,,,5.0,Bharat NCAP,,,,False,,,,,,,,,False,False,,3,100000,,,,,,,CarWale,https://www.carwale.com/tata-cars/nexon/smart-petrol-12l-turbo-5-speed-manual/,,2026-06-19T09:52:14.085133+00:00,d297f3d7-6722-4d2a-b263-4c190b916e0c,38.46
Tata,Nexon,Smart Plus Petrol 1.2L Turbo 5 Speed Manual,Tata Nexon Smart Plus Petrol 1.2L Turbo 5 Speed Manual,,SUV,,,,,806990,,,,Petrol,1199,3,True,118.0,170.0,FWD,Manual,5,,,17.44,,,,,,,,5,,,3995,1804,1620,2498.0,,,6,True,,,,,,,,,,,,,,,,,5.0,Bharat NCAP,,,,False,,,,,,,,,True,True,,3,100000,,,,,,,CarWale,https://www.carwale.com/tata-cars/nexon/smart-plus-petrol-12l-turbo-5-speed-manual/,,2026-06-19T09:52:14.086020+00:00,6612ac6d-cd23-4da5-b44a-d301b51421db,38.46
Tata,Nexon,Smart CNG 1.2L Turbo 6 Speed Manual,Tata Nexon Smart CNG 1.2L Turbo 6 Speed Manual,,SUV,,,,,829990,,,,CNG,1199,,True,99.0,170.0,,Manual,6,,,,17.44,,,,,,,5,,,3995,1804,1620,2498.0,,,6,True,,,,,,,,,,,,,,,,,5.0,Bharat NCAP,,,,False,,,,,,,,,False,False,,3,100000,,,,,,,CarWale,https://www.carwale.com/tata-cars/nexon/smart-cng-12l-turbo-6-speed-manual/,,2026-06-19T09:52:14.086244+00:00,4dec152d-f6e7-48ab-8467-aaecfc521975,36.26
Tata,Nexon,Smart Plus (S) Petrol 1.2L Turbo 5 Speed Manual,Tata Nexon Smart Plus (S) Petrol 1.2L Turbo 5 Speed Manual,,SUV,,,,,836990,,,,Petrol,1199,,,118.0,170.0,,Manual,5,,,17.44,,,,,,,,5,,,3995,1804,1620,2498.0,,,6,True,,,,,,,,,,,,,,,,,5.0,Bharat NCAP,,,,False,,,,,,,,,True,True,,3,100000,,,,,,,CarWale,https://www.carwale.com/tata-cars/nexon/smart-plus-s-petrol-12l-turbo-5-speed-manual/,,2026-06-19T09:52:14.086461+00:00,6271ab86-5849-4330-8ca1-a507395893ea,35.16
Tata,Nexon,Smart Plus Petrol 1.2L Turbo Automatic (AMT),Tata Nexon Smart Plus Petrol 1.2L Turbo Automatic (AMT),,SUV,,,,,881990,,,,Petrol,1199,,True,118.0,170.0,,Automatic (AMT),,,,17.18,,,,,,,,5,,,3995,1804,1620,2498.0,,,6,True,,,,,,,,,,,,,,,,,5.0,Bharat NCAP,,,,False,,,,,,,,,True,True,,3,100000,,,,,,,CarWale,https://www.carwale.com/tata-cars/nexon/smart-plus-petrol-12l-turbo-automatic-amt/,,2026-06-19T09:52:14.086679+00:00,b9b53e50-9a2e-4f27-bc15-d69a8a94550b,35.16
Tata,Nexon,Pure Plus Petrol 1.2L Turbo 6 Speed Manual,Tata Nexon Pure Plus Petrol 1.2L Turbo 6 Speed Manual,,SUV,,,,,894990,,,,Petrol,1199,,,118.0,170.0,,Manual,6,,,17.44,,,,,,,,5,,,3995,1804,1620,2498.0,,,6,True,,,,,,,,,,,,,,,,,5.0,Bharat NCAP,,,,False,,,,,,,,,True,True,,3,100000,,,,,,,CarWale,https://www.carwale.com/tata-cars/nexon/pure-plus-petrol-12l-turbo-6-speed-manual/,,2026-06-19T09:52:14.086893+00:00,e04c7663-3187-419d-b0e4-5b5ddeef2ee9,35.16
Tata,Nexon,Smart Plus Diesel 1.5L Turbo 6 Speed Manual,Tata Nexon Smart Plus Diesel 1.5L Turbo 6 Speed Manual,,SUV,,,,,899990,,,,Diesel,1497,,True,113.0,260.0,,Manual,6,,,23.23,,,,,,,,5,,,3995,1804,1620,2498.0,,,6,True,,,,,,,,,,,,,,,,,5.0,Bharat NCAP,,,,False,,,,,,,,,True,True,,3,100000,,,,,,,CarWale,https://www.carwale.com/tata-cars/nexon/smart-plus-diesel-15l-turbo-6-speed-manual/,,2026-06-19T09:52:14.087115+00:00,4145a0e3-eaec-4dd5-8b37-f4f8651b0b6d,36.26
Tata,Nexon,Smart Plus CNG 1.2L Turbo 6 Speed Manual,Tata Nexon Smart Plus CNG 1.2L Turbo 6 Speed Manual,,SUV,,,,,921990,,,,CNG,1199,,True,99.0,170.0,,Manual,6,,,,17.44,,,,,,,5,,,3995,1804,1620,2498.0,,,6,True,,,,,,,,,,,,,,,,,5.0,Bharat NCAP,,,,False,,,,,,,,,True,True,,3,100000,,,,,,,CarWale,https://www.carwale.com/tata-cars/nexon/smart-plus-cng-12l-turbo-6-speed-manual/,,2026-06-19T09:52:14.087324+00:00,e56e84bd-5987-4924-8bc5-eb2756abce2e,36.26
Tata,Nexon,Pure Plus (S) Petrol 1.2L Turbo 6 Speed Manual,Tata Nexon Pure Plus (S) Petrol 1.2L Turbo 6 Speed Manual,,SUV,,,,,922990,,,,Petrol,1199,,,118.0,170.0,,Manual,6,,,17.44,,,,,,,,5,,,3995,1804,1620,2498.0,,,6,True,,,,,,,,,,,,,,,,,5.0,Bharat NCAP,,,,False,,,,,,,,,True,True,,3,100000,,,,,,,CarWale,https://www.carwale.com/tata-cars/nexon/pure-plus-s-petrol-12l-turbo-6-speed-manual/,,2026-06-19T09:52:14.087533+00:00,3b5ca1ae-b103-47b1-9db3-3df5602668b6,35.16
Tata,Nexon,Smart Plus (S) Diesel 1.5L Turbo 6 Speed Manual,Tata Nexon Smart Plus (S) Diesel 1.5L Turbo 6 Speed Manual,,SUV,,,,,936990,,,,Diesel,1497,,,113.0,260.0,,Manual,6,,,23.23,,,,,,,,5,,,3995,1804,1620,2498.0,,,6,True,,,,,,,,,,,,,,,,,5.0,Bharat NCAP,,,,False,,,,,,,,,True,True,,3,100000,,,,,,,CarWale,https://www.carwale.com/tata-cars/nexon/smart-plus-s-diesel-15l-turbo-6-speed-manual/,,2026-06-19T09:52:14.087747+00:00,d0a65a72-11e5-4bb6-8e2a-983b83ad018b,35.16
Tata,Nexon,Smart Plus (S) CNG 1.2L Turbo 6 Speed Manual,Tata Nexon Smart Plus (S) CNG 1.2L Turbo 6 Speed Manual,,SUV,,,,,951990,,,,CNG,1199,,,99.0,170.0,,Manual,6,,,,17.44,,,,,,,5,,,3995,1804,1620,2498.0,,,6,True,,,,,,,,,,,,,,,,,5.0,Bharat NCAP,,,,False,,,,,,,,,True,True,,3,100000,,,,,,,CarWale,https://www.carwale.com/tata-cars/nexon/smart-plus-s-cng-12l-turbo-6-speed-manual/,,2026-06-19T09:52:14.087957+00:00,b29ff015-a373-4c1a-a990-16fa29970297,35.16
Tata,Nexon,Pure Plus (PS) Petrol 1.2L Turbo 6 Speed Manual,Tata Nexon Pure Plus (PS) Petrol 1.2L Turbo 6 Speed Manual,,SUV,,,,,959000,,,,Petrol,1199,,,118.0,170.0,,Manual,6,,,17.44,,,,,,,,5,,,3995,1804,1620,2498.0,,,6,True,,,,,,,,,,,,,,,,,5.0,Bharat NCAP,,,,True,,,,,,,,,True,True,,3,100000,,,,,,,CarWale,https://www.carwale.com/tata-cars/nexon/pure-plus-ps-petrol-12l-turbo-6-speed-manual/,,2026-06-19T09:52:14.088165+00:00,f285ceb2-dfba-41ec-9800-5cc5c50c1ce2,35.16
Tata,Nexon,Pure Plus Petrol 1.2L Turbo Automatic (AMT),Tata Nexon Pure Plus Petrol 1.2L Turbo Automatic (AMT),,SUV,,,,,959990,,,,Petrol,1199,,,118.0,170.0,,Automatic (AMT),,,,17.18,,,,,,,,5,,,3995,1804,1620,2498.0,,,6,True,,,,,,,,,,,,,,,,,5.0,Bharat NCAP,,,,False,,,,,,,,,True,True,,3,100000,,,,,,,CarWale,https://www.carwale.com/tata-cars/nexon/pure-plus-petrol-12l-turbo-automatic-amt/,,2026-06-19T09:52:14.088369+00:00,583fba27-50d4-4d5e-8a30-8ce9dc1b2b84,34.07
Tata,Nexon,Pure Plus CNG 1.2L Turbo 6 Speed Manual,Tata Nexon Pure Plus CNG 1.2L Turbo 6 Speed Manual,,SUV,,,,,984990,,,,CNG,1199,,,99.0,170.0,,Manual,6,,,,17.44,,,,,,,5,,,3995,1804,1620,2498.0,,,6,True,,,,,,,,,,,,,,,,,5.0,Bharat NCAP,,,,False,,,,,,,,,True,True,,3,100000,,,,,,,CarWale,https://www.carwale.com/tata-cars/nexon/pure-plus-cng-12l-turbo-6-speed-manual/,,2026-06-19T09:52:14.088684+00:00,ac45b59e-9567-41d0-ba63-ec42f65f0a9b,35.16
Tata,Nexon,Pure Plus (S) Petrol 1.2L Turbo Automatic (AMT),Tata Nexon Pure Plus (S) Petrol 1.2L Turbo Automatic (AMT),,SUV,,,,,987990,,,,Petrol,1199,,,118.0,170.0,,Automatic (AMT),,,,17.18,,,,,,,,5,,,3995,1804,1620,2498.0,,,6,True,,,,,,,,,,,,,,,,,5.0,Bharat NCAP,,,,False,,,,,,,,,True,True,,3,100000,,,,,,,CarWale,https://www.carwale.com/tata-cars/nexon/pure-plus-s-petrol-12l-turbo-automatic-amt/,,2026-06-19T09:52:14.088923+00:00,443c503c-0b64-40a0-b346-5ef3c37222e9,34.07
Tata,Nexon,Creative Petrol 1.2L Turbo 6 Speed Manual,Tata Nexon Creative Petrol 1.2L Turbo 6 Speed Manual,,SUV,,,,,999990,,,,Petrol,1199,3,True,118.0,170.0,FWD,Manual,6,,,17.44,,,,,,,,5,,,3995,1804,1620,2498.0,,,6,True,,,,,,,,,,,,,,,,,5.0,Bharat NCAP,,,,False,,,,,,,,,True,True,,3,100000,,,,,,,CarWale,https://www.carwale.com/tata-cars/nexon/creative-petrol-12l-turbo-6-speed-manual/,,2026-06-19T09:52:14.089141+00:00,7b06f5a0-2338-4c77-9020-32f42c523b87,38.46
Tata,Nexon,Pure Plus (S) CNG 1.2L Turbo 6 Speed Manual,Tata Nexon Pure Plus (S) CNG 1.2L Turbo 6 Speed Manual,,SUV,,,,,999990,,,,CNG,1199,,,99.0,170.0,,Manual,6,,,,17.44,,,,,,,5,,,3995,1804,1620,2498.0,,,6,True,,,,,,,,,,,,,,,,,5.0,Bharat NCAP,,,,False,,,,,,,,,True,True,,3,100000,,,,,,,CarWale,https://www.carwale.com/tata-cars/nexon/pure-plus-s-cng-12l-turbo-6-speed-manual/,,2026-06-19T09:52:14.089415+00:00,2cc1cce8-5ba6-4f60-9184-49e3d755bf52,35.16
Tata,Nexon,Pure Plus Diesel 1.5L Turbo 6 Speed Manual,Tata Nexon Pure Plus Diesel 1.5L Turbo 6 Speed Manual,,SUV,,,,,999990,,,,Diesel,1497,,,113.0,260.0,,Manual,6,,,23.23,,,,,,,,5,,,3995,1804,1620,2498.0,,,6,True,,,,,,,,,,,,,,,,,5.0,Bharat NCAP,,,,False,,,,,,,,,True,True,,3,100000,,,,,,,CarWale,https://www.carwale.com/tata-cars/nexon/pure-plus-diesel-15l-turbo-6-speed-manual/,,2026-06-19T09:52:14.089813+00:00,ad308f00-323d-42c7-b0b2-1391adc0cbd6,35.16
Tata,Nexon,Pure Plus (PS) Petrol 1.2L Turbo Automatic (AMT),Tata Nexon Pure Plus (PS) Petrol 1.2L Turbo Automatic (AMT),,SUV,,,,,1014000,,,,Petrol,1199,,,118.0,170.0,,Automatic (AMT),,,,17.18,,,,,,,,5,,,3995,1804,1620,2498.0,,,6,True,,,,,,,,,,,,,,,,,5.0,Bharat NCAP,,,,True,,,,,,,,,True,True,,3,100000,,,,,,,CarWale,https://www.carwale.com/tata-cars/nexon/pure-plus-ps-petrol-12l-turbo-automatic-amt/,,2026-06-19T09:52:14.090141+00:00,4a990a1b-dac9-4077-9c67-9e1fcd1899a8,34.07
Tata,Nexon,Pure Plus (S) Diesel 1.5L Turbo 6 Speed Manual,Tata Nexon Pure Plus (S) Diesel 1.5L Turbo 6 Speed Manual,,SUV,,,,,1027990,,,,Diesel,1497,,,113.0,260.0,,Manual,6,,,23.23,,,,,,,,5,,,3995,1804,1620,2498.0,,,6,True,,,,,,,,,,,,,,,,,5.0,Bharat NCAP,,,,False,,,,,,,,,True,True,,3,100000,,,,,,,CarWale,https://www.carwale.com/tata-cars/nexon/pure-plus-s-diesel-15l-turbo-6-speed-manual/,,2026-06-19T09:52:14.090363+00:00,2bde9cbb-40cd-4f3a-96aa-1d7ee7c0b58c,35.16
Tata,Nexon,Creative Plus (S) Petrol 1.2L Turbo 6 Speed Manual,Tata Nexon Creative Plus (S) Petrol 1.2L Turbo 6 Speed Manual,,SUV,,,,,1034990,,,,Petrol,1199,,,118.0,170.0,,Manual,6,,,17.44,,,,,,,,5,,,3995,1804,1620,2498.0,,,6,True,,,,,,,,,,,,,,,,,5.0,Bharat NCAP,,,,False,,,,,,,,,True,True,,3,100000,,,,,,,CarWale,https://www.carwale.com/tata-cars/nexon/creative-plus-s-petrol-12l-turbo-6-speed-manual/,,2026-06-19T09:52:14.090573+00:00,351785d2-5ce0-42ed-a009-b1ab4b2b1d2d,35.16
Tata,Nexon,Pure Plus (PS) CNG 1.2L Turbo 6 Speed Manual,Tata Nexon Pure Plus (PS) CNG 1.2L Turbo 6 Speed Manual,,SUV,,,,,1039000,,,,CNG,1199,,,99.0,170.0,,Manual,6,,,,17.44,,,,,,,5,,,3995,1804,1620,2498.0,,,6,True,,,,,,,,,,,,,,,,,5.0,Bharat NCAP,,,,True,,,,,,,,,True,True,,3,100000,,,,,,,CarWale,https://www.carwale.com/tata-cars/nexon/pure-plus-ps-cng-12l-turbo-6-speed-manual/,,2026-06-19T09:52:14.091023+00:00,95082817-33e6-456a-a43b-398c3803f1b4,35.16
Tata,Nexon,Pure Plus (PS) Diesel 1.5L Turbo 6 Speed Manual,Tata Nexon Pure Plus (PS) Diesel 1.5L Turbo 6 Speed Manual,,SUV,,,,,1054000,,,,Diesel,1497,,,113.0,260.0,,Manual,6,,,23.23,,,,,,,,5,,,3995,1804,1620,2498.0,,,6,True,,,,,,,,,,,,,,,,,5.0,Bharat NCAP,,,,True,,,,,,,,,True,True,,3,100000,,,,,,,CarWale,https://www.carwale.com/tata-cars/nexon/pure-plus-ps-diesel-15l-turbo-6-speed-manual/,,2026-06-19T09:52:14.091260+00:00,1d968edf-8d76-4782-a008-b2d460368944,35.16
Tata,Nexon,Pure Plus Diesel 1.5L Turbo Automatic (AMT),Tata Nexon Pure Plus Diesel 1.5L Turbo Automatic (AMT),,SUV,,,,,1064990,,,,Diesel,1497,,,113.0,260.0,,Automatic (AMT),,,,24.08,,,,,,,,5,,,3995,1804,1620,2498.0,,,6,True,,,,,,,,,,,,,,,,,5.0,Bharat NCAP,,,,False,,,,,,,,,True,True,,3,100000,,,,,,,CarWale,https://www.carwale.com/tata-cars/nexon/pure-plus-diesel-15l-turbo-automatic-amt/,,2026-06-19T09:52:14.091756+00:00,0f77df2c-e4f8-447c-8df2-365f57d4b40c,34.07
Tata,Nexon,Creative Petrol 1.2L Turbo Automatic (AMT),Tata Nexon Creative Petrol 1.2L Turbo Automatic (AMT),,SUV,,,,,1074990,,,,Petrol,1199,,True,118.0,170.0,,Automatic (AMT),,,,17.18,,,,,,,,5,,,3995,1804,1620,2498.0,,,6,True,,,,,,,,,,,,,,,,,5.0,Bharat NCAP,,,,True,,,,,,,,,True,True,,3,100000,,,,,,,CarWale,https://www.carwale.com/tata-cars/nexon/creative-petrol-12l-turbo-automatic-amt/,,2026-06-19T09:52:14.091997+00:00,66d6bac5-193a-49eb-a2fd-24c1db6e527b,35.16
Tata,Nexon,Creative CNG 1.2L Turbo 6 Speed Manual,Tata Nexon Creative CNG 1.2L Turbo 6 Speed Manual,,SUV,,,,,1104990,,,,CNG,1199,,True,99.0,170.0,,Manual,6,,,,17.44,,,,,,,5,,,3995,1804,1620,2498.0,,,6,True,,,,,,,,,,,,,,,,,5.0,Bharat NCAP,,,,False,,,,,,,,,True,True,,3,100000,,,,,,,CarWale,https://www.carwale.com/tata-cars/nexon/creative-cng-12l-turbo-6-speed-manual/,,2026-06-19T09:52:14.092445+00:00,af8c9b3a-ab63-428e-8c36-93f629cc7933,36.26
Tata,Nexon,Creative Plus (S) Petrol 1.2L Turbo Automatic (AMT),Tata Nexon Creative Plus (S) Petrol 1.2L Turbo Automatic (AMT),,SUV,,,,,1104990,,,,Petrol,1199,,,118.0,170.0,,Automatic (AMT),,,,17.18,,,,,,,,5,,,3995,1804,1620,2498.0,,,6,True,,,,,,,,,,,,,,,,,5.0,Bharat NCAP,,,,True,,,,,,,,,True,True,,3,100000,,,,,,,CarWale,https://www.carwale.com/tata-cars/nexon/creative-plus-s-petrol-12l-turbo-automatic-amt/,,2026-06-19T09:52:14.092652+00:00,112bb8be-91f4-4a7c-ae94-d1eeefe380c1,34.07
Tata,Nexon,Pure Plus (PS) Diesel 1.5L Turbo Automatic (AMT),Tata Nexon Pure Plus (PS) Diesel 1.5L Turbo Automatic (AMT),,SUV,,,,,1119000,,,,Diesel,1497,,,113.0,260.0,,Automatic (AMT),,,,24.08,,,,,,,,5,,,3995,1804,1620,2498.0,,,6,True,,,,,,,,,,,,,,,,,5.0,Bharat NCAP,,,,True,,,,,,,,,True,True,,3,100000,,,,,,,CarWale,https://www.carwale.com/tata-cars/nexon/pure-plus-ps-diesel-15l-turbo-automatic-amt/,,2026-06-19T09:52:14.093055+00:00,2ffd3305-74a0-408b-accd-c0c0547371ac,34.07
Tata,Nexon,Creative Diesel 1.5L Turbo 6 Speed Manual,Tata Nexon Creative Diesel 1.5L Turbo 6 Speed Manual,,SUV,,,,,1124990,,,,Diesel,1497,,True,113.0,260.0,,Manual,6,,,23.23,,,,,,,,5,,,3995,1804,1620,2498.0,,,6,True,,,,,,,,,,,,,,,,,5.0,Bharat NCAP,,,,False,,,,,,,,,True,True,,3,100000,,,,,,,CarWale,https://www.carwale.com/tata-cars/nexon/creative-diesel-15l-turbo-6-speed-manual/,,2026-06-19T09:52:14.093352+00:00,8ac99d84-a9f3-4f8a-af16-2cfb10fd880b,36.26
Tata,Nexon,Creative Plus (PS) Petrol 1.2L Turbo 6 Speed Manual Dual Tone,Tata Nexon Creative Plus (PS) Petrol 1.2L Turbo 6 Speed Manual Dual Tone,,SUV,,,,,1131990,,,,Petrol,1199,,,118.0,170.0,,Manual,6,,,17.44,,,,,,,,5,,,3995,1804,1620,2498.0,,,6,True,,,,,,,,,,,,,,,,,5.0,Bharat NCAP,,,,False,,,,,,,,,True,True,,3,100000,,,,,,,CarWale,https://www.carwale.com/tata-cars/nexon/creative-plus-ps-petrol-12l-turbo-6-speed-manual-dual-tone/,,2026-06-19T09:52:14.093780+00:00,d9c92dfa-193e-4bbf-8790-23257d676ae9,35.16
Tata,Nexon,Creative Plus (S) CNG 1.2L Turbo 6 Speed Manual,Tata Nexon Creative Plus (S) CNG 1.2L Turbo 6 Speed Manual,,SUV,,,,,1134990,,,,CNG,1199,,,99.0,170.0,,Manual,6,,,,17.44,,,,,,,5,,,3995,1804,1620,2498.0,,,6,True,,,,,,,,,,,,,,,,,5.0,Bharat NCAP,,,,False,,,,,,,,,True,True,,3,100000,,,,,,,CarWale,https://www.carwale.com/tata-cars/nexon/creative-plus-s-cng-12l-turbo-6-speed-manual/,,2026-06-19T09:52:14.093985+00:00,1fd5cc31-81ba-43d6-a8c2-9defdd2b5ee9,35.16
Tata,Nexon,Creative Plus (S) Diesel 1.5L Turbo 6 Speed Manual,Tata Nexon Creative Plus (S) Diesel 1.5L Turbo 6 Speed Manual,,SUV,,,,,1149990,,,,Diesel,1497,,,113.0,260.0,,Manual,6,,,23.23,,,,,,,,5,,,3995,1804,1620,2498.0,,,6,True,,,,,,,,,,,,,,,,,5.0,Bharat NCAP,,,,False,,,,,,,,,True,True,,3,100000,,,,,,,CarWale,https://www.carwale.com/tata-cars/nexon/creative-plus-s-diesel-15l-turbo-6-speed-manual/,,2026-06-19T09:52:14.094603+00:00,037fad42-34ab-46cf-8fbe-3a32668fabe1,35.16
Tata,Nexon,Creative Diesel 1.5L Turbo Automatic (AMT),Tata Nexon Creative Diesel 1.5L Turbo Automatic (AMT),,SUV,,,,,1184990,,,,Diesel,1497,,True,113.0,260.0,,Automatic (AMT),,,,24.08,,,,,,,,5,,,3995,1804,1620,2498.0,,,6,True,,,,,,,,,,,,,,,,,5.0,Bharat NCAP,,,,True,,,,,,,,,True,True,,3,100000,,,,,,,CarWale,https://www.carwale.com/tata-cars/nexon/creative-diesel-15l-turbo-automatic-amt/,,2026-06-19T09:52:14.095435+00:00,230d14ff-0604-447e-a605-4d1a4c80e907,35.16
Tata,Nexon,Creative Plus (S) Diesel 1.5L Turbo Automatic (AMT),Tata Nexon Creative Plus (S) Diesel 1.5L Turbo Automatic (AMT),,SUV,,,,,1214990,,,,Diesel,1497,,,113.0,260.0,,Automatic (AMT),,,,24.08,,,,,,,,5,,,3995,1804,1620,2498.0,,,6,True,,,,,,,,,,,,,,,,,5.0,Bharat NCAP,,,,True,,,,,,,,,True,True,,3,100000,,,,,,,CarWale,https://www.carwale.com/tata-cars/nexon/creative-plus-s-diesel-15l-turbo-automatic-amt/,,2026-06-19T09:52:14.095867+00:00,08f50041-6751-40e4-8f70-b11fb73e5dc0,34.07
Tata,Nexon,Creative Plus (PS) CNG 1.2L Turbo 6 Speed Manual Dual Tone,Tata Nexon Creative Plus (PS) CNG 1.2L Turbo 6 Speed Manual Dual Tone,,SUV,,,,,1216690,,,,CNG,1199,,,99.0,170.0,,Manual,6,,,,17.44,,,,,,,5,,,3995,1804,1620,2498.0,,,6,True,,,,,,,,,,,,,,,,,5.0,Bharat NCAP,,,,False,,,,,,,,,True,True,,3,100000,,,,,,,CarWale,https://www.carwale.com/tata-cars/nexon/creative-plus-ps-cng-12l-turbo-6-speed-manual-dual-tone/,,2026-06-19T09:52:14.096078+00:00,f43ad62b-512c-4292-a777-7c4431bd6325,35.16
Tata,Nexon,Creative Plus (PS) CNG 1.2L Turbo 6 Speed Manual,Tata Nexon Creative Plus (PS) CNG 1.2L Turbo 6 Speed Manual,,SUV,,,,,1226990,,,,CNG,1199,,,99.0,170.0,,Manual,6,,,,17.44,,,,,,,5,,,3995,1804,1620,2498.0,,,6,True,,,,,,,,,,,,,,,,,5.0,Bharat NCAP,,,,False,,,,,,,,,True,True,,3,100000,,,,,,,CarWale,https://www.carwale.com/tata-cars/nexon/creative-plus-ps-cng-12l-turbo-6-speed-manual/,,2026-06-19T09:52:14.096288+00:00,ee15f093-4395-43c6-9979-2ad0bfb910ad,35.16
Tata,Nexon,Fearless Plus (PS) Petrol 1.2L Turbo 6 Speed Manual,Tata Nexon Fearless Plus (PS) Petrol 1.2L Turbo 6 Speed Manual,,SUV,,,,,1226990,,,,Petrol,1199,3,True,118.0,170.0,FWD,Manual,6,,,17.44,,,,,,,,5,,,3995,1804,1620,2498.0,,,6,True,,,,,,,,,,,,,,,,,5.0,Bharat NCAP,,,,False,,,,,,,,,True,True,,3,100000,,,,,,,CarWale,https://www.carwale.com/tata-cars/nexon/fearless-plus-ps-petrol-12l-turbo-6-speed-manual/,,2026-06-19T09:52:14.096495+00:00,9a020a6e-5b98-4130-960e-a6d8c815617e,38.46
Tata,Nexon,Creative Plus (PS) Petrol 1.2L Turbo Automatic (DCT) Dual Tone,Tata Nexon Creative Plus (PS) Petrol 1.2L Turbo Automatic (DCT) Dual Tone,,SUV,,,,,1234990,,,,Petrol,1199,,,118.0,170.0,,Automatic (DCT),,,,17.01,,,,,,,,5,,,3995,1804,1620,2498.0,,,6,True,,,,,,,,,,,,,,,,,5.0,Bharat NCAP,,,,True,,,,,,,,,True,True,,3,100000,,,,,,,CarWale,https://www.carwale.com/tata-cars/nexon/creative-plus-ps-petrol-12l-turbo-automatic-dct-dual-tone/,,2026-06-19T09:52:14.096838+00:00,b75ec3e7-b514-440a-a96d-4c8ac5d8885f,34.07
Tata,Nexon,Creative Plus (PS) Diesel 1.5L Turbo 6 Speed Manual Dual Tone,Tata Nexon Creative Plus (PS) Diesel 1.5L Turbo 6 Speed Manual Dual Tone,,SUV,,,,,1241990,,,,Diesel,1497,,,113.0,260.0,,Manual,6,,,23.23,,,,,,,,5,,,3995,1804,1620,2498.0,,,6,True,,,,,,,,,,,,,,,,,5.0,Bharat NCAP,,,,False,,,,,,,,,True,True,,3,100000,,,,,,,CarWale,https://www.carwale.com/tata-cars/nexon/creative-plus-ps-diesel-15l-turbo-6-speed-manual-dual-tone/,,2026-06-19T09:52:14.097614+00:00,116cea6e-9128-4160-9185-bd28a0224d2c,35.16
Tata,Nexon,Fearless Plus (PS) Petrol 1.2L Turbo 6 Speed Manual Dark Edition,Tata Nexon Fearless Plus (PS) Petrol 1.2L Turbo 6 Speed Manual Dark Edition,,SUV,,,,,1246990,,,,Petrol,1199,3,True,118.0,170.0,FWD,Manual,6,,,17.44,,,,,,,,5,,,3995,1804,1620,2498.0,,,6,True,,,,,,,,,,,,,,,,,5.0,Bharat NCAP,,,,False,,,,,,,,,True,True,,3,100000,,,,,,,CarWale,https://www.carwale.com/tata-cars/nexon/fearless-plus-ps-petrol-12l-turbo-6-speed-manual-dark-edition/,,2026-06-19T09:52:14.098210+00:00,c946b41d-d832-44e7-87ca-9cddd499b30d,38.46
Tata,Nexon,Fearless Plus (PS) Petrol 1.2L Turbo 6 Speed Manual Red Dark Edition,Tata Nexon Fearless Plus (PS) Petrol 1.2L Turbo 6 Speed Manual Red Dark Edition,,SUV,,,,,1256990,,,,Petrol,1199,3,True,118.0,170.0,FWD,Manual,6,,,17.44,,,,,,,,5,,,3995,1804,1620,2498.0,,,6,True,,,,,,,,,,,,,,,,,5.0,Bharat NCAP,,,,False,,,,,,,,,True,True,,3,100000,,,,,,,CarWale,https://www.carwale.com/tata-cars/nexon/fearless-plus-ps-petrol-12l-turbo-6-speed-manual-red-dark-edition/,,2026-06-19T09:52:14.099307+00:00,02ae7a4a-fe53-4271-b41e-ac70abd38a4c,38.46
Tata,Nexon,Creative Plus (PS) Diesel 1.5L Turbo Automatic (AMT) Dual Tone,Tata Nexon Creative Plus (PS) Diesel 1.5L Turbo Automatic (AMT) Dual Tone,,SUV,,,,,1306990,,,,Diesel,1497,,,113.0,260.0,,Automatic (AMT),,,,24.08,,,,,,,,5,,,3995,1804,1620,2498.0,,,6,True,,,,,,,,,,,,,,,,,5.0,Bharat NCAP,,,,True,,,,,,,,,True,True,,3,100000,,,,,,,CarWale,https://www.carwale.com/tata-cars/nexon/creative-plus-ps-diesel-15l-turbo-automatic-amt-dual-tone/,,2026-06-19T09:52:14.099943+00:00,d226e0d8-1bb2-454d-bcd0-3c7421260936,34.07
Tata,Nexon,Fearless Plus (PS) CNG 1.2L Turbo 6 Speed Manual Dual Tone,Tata Nexon Fearless Plus (PS) CNG 1.2L Turbo 6 Speed Manual Dual Tone,,SUV,,,,,1321990,,,,CNG,1199,,True,99.0,170.0,,Manual,6,,,,17.44,,,,,,,5,,,3995,1804,1620,2498.0,,,6,True,,,,,,,,,,,,,,,,,5.0,Bharat NCAP,,,,False,,,,,,,,,True,True,,3,100000,,,,,,,CarWale,https://www.carwale.com/tata-cars/nexon/fearless-plus-ps-cng-12l-turbo-6-speed-manual-dual-tone/,,2026-06-19T09:52:14.100150+00:00,8318e288-140f-4035-b439-5e531c111bf7,36.26
Tata,Nexon,Fearless Plus (PS) Diesel 1.5L Turbo 6 Speed Manual Dual Tone,Tata Nexon Fearless Plus (PS) Diesel 1.5L Turbo 6 Speed Manual Dual Tone,,SUV,,,,,1336990,,,,Diesel,1497,,True,113.0,260.0,,Manual,6,,,23.23,,,,,,,,5,,,3995,1804,1620,2498.0,,,6,True,,,,,,,,,,,,,,,,,5.0,Bharat NCAP,,,,False,,,,,,,,,True,True,,3,100000,,,,,,,CarWale,https://www.carwale.com/tata-cars/nexon/fearless-plus-ps-diesel-15l-turbo-6-speed-manual-dual-tone/,,2026-06-19T09:52:14.100355+00:00,2206f837-d306-4ba2-88ca-7f802056400f,36.26
Tata,Nexon,Fearless Plus (PS) CNG 1.2L Turbo 6 Speed Manual,Tata Nexon Fearless Plus (PS) CNG 1.2L Turbo 6 Speed Manual,,SUV,,,,,1341990,,,,CNG,1199,,True,99.0,170.0,,Manual,6,,,,17.44,,,,,,,5,,,3995,1804,1620,2498.0,,,6,True,,,,,,,,,,,,,,,,,5.0,Bharat NCAP,,,,False,,,,,,,,,True,True,,3,100000,,,,,,,CarWale,https://www.carwale.com/tata-cars/nexon/fearless-plus-ps-cng-12l-turbo-6-speed-manual/,,2026-06-19T09:52:14.100943+00:00,1d06dd6c-3820-4c50-b7f0-7b5b15431401,36.26
Tata,Nexon,Fearless Plus (PS) CNG 1.2L Turbo 6 Speed Manual Dark Edition,Tata Nexon Fearless Plus (PS) CNG 1.2L Turbo 6 Speed Manual Dark Edition,,SUV,,,,,1341990,,,,CNG,1199,,True,99.0,170.0,,Manual,6,,,,17.44,,,,,,,5,,,3995,1804,1620,2498.0,,,6,True,,,,,,,,,,,,,,,,,5.0,Bharat NCAP,,,,False,,,,,,,,,True,True,,3,100000,,,,,,,CarWale,https://www.carwale.com/tata-cars/nexon/fearless-plus-ps-cng-12l-turbo-6-speed-manual-dark-edition/,,2026-06-19T09:52:14.101667+00:00,5ebe0cbd-52f6-4fbf-a3fe-fb3384845df2,36.26
Tata,Nexon,Fearless Plus (PS) Petrol 1.2L Turbo Automatic (DCT) Dark Edition,Tata Nexon Fearless Plus (PS) Petrol 1.2L Turbo Automatic (DCT) Dark Edition,,SUV,,,,,1344790,,,,Petrol,1199,,True,118.0,170.0,,Automatic (DCT),,,,17.01,,,,,,,,5,,,3995,1804,1620,2498.0,,,6,True,,,,,,,,,,,,,,,,,5.0,Bharat NCAP,,,,True,,,,,,,,,True,True,,3,100000,,,,,,,CarWale,https://www.carwale.com/tata-cars/nexon/fearless-plus-ps-petrol-12l-turbo-automatic-dct-dark-edition/,,2026-06-19T09:52:14.102136+00:00,9c33371a-1c87-4868-958d-b94cfe011f74,35.16
Tata,Nexon,Fearless Plus (PS) Diesel 1.5L Turbo 6 Speed Manual Dark Edition,Tata Nexon Fearless Plus (PS) Diesel 1.5L Turbo 6 Speed Manual Dark Edition,,SUV,,,,,1356990,,,,Diesel,1497,,True,113.0,260.0,,Manual,6,,,23.23,,,,,,,,5,,,3995,1804,1620,2498.0,,,6,True,,,,,,,,,,,,,,,,,5.0,Bharat NCAP,,,,False,,,,,,,,,True,True,,3,100000,,,,,,,CarWale,https://www.carwale.com/tata-cars/nexon/fearless-plus-ps-diesel-15l-turbo-6-speed-manual-dark-edition/,,2026-06-19T09:52:14.102382+00:00,2aa8217c-bb14-461b-b8cd-d15caf560079,36.26
Tata,Nexon,Fearless Plus A (PS) Petrol 1.2L Turbo Automatic (DCT),Tata Nexon Fearless Plus A (PS) Petrol 1.2L Turbo Automatic (DCT),,SUV,,,,,1361990,,,,Petrol,1199,,True,118.0,170.0,,Automatic (DCT),,,,17.01,,,,,,,,5,,,3995,1804,1620,2498.0,,,6,True,,,,,,,,,,,,,,,,,5.0,Bharat NCAP,,,,True,,,,,,,,,True,True,,3,100000,,,,,,,CarWale,https://www.carwale.com/tata-cars/nexon/fearless-plus-a-ps-petrol-12l-turbo-automatic-dct/,,2026-06-19T09:52:14.102836+00:00,e046cacd-d612-43e4-bdd0-d8f37a6e0913,35.16
Tata,Nexon,Fearless Plus A (PS) Petrol 1.2L Turbo Automatic (DCT) Dark Edition,Tata Nexon Fearless Plus A (PS) Petrol 1.2L Turbo Automatic (DCT) Dark Edition,,SUV,,,,,1381990,,,,Petrol,1199,,True,118.0,170.0,,Automatic (DCT),,,,17.01,,,,,,,,5,,,3995,1804,1620,2498.0,,,6,True,,,,,,,,,,,,,,,,,5.0,Bharat NCAP,,,,True,,,,,,,,,True,True,,3,100000,,,,,,,CarWale,https://www.carwale.com/tata-cars/nexon/fearless-plus-a-ps-petrol-12l-turbo-automatic-dct-dark-edition/,,2026-06-19T09:52:14.103178+00:00,1e95dd04-19d1-4dc1-947d-f48c0bbcb4d8,35.16
Tata,Nexon,Fearless Plus A (PS) Petrol 1.2L Turbo Automatic (DCT) Red Dark Edition,Tata Nexon Fearless Plus A (PS) Petrol 1.2L Turbo Automatic (DCT) Red Dark Edition,,SUV,,,,,1391990,,,,Petrol,1199,,True,118.0,170.0,,Automatic (DCT),,,,17.01,,,,,,,,5,,,3995,1804,1620,2498.0,,,6,True,,,,,,,,,,,,,,,,,5.0,Bharat NCAP,,,,True,,,,,,,,,True,True,,3,100000,,,,,,,CarWale,https://www.carwale.com/tata-cars/nexon/fearless-plus-a-ps-petrol-12l-turbo-automatic-dct-red-dark-edition/,,2026-06-19T09:52:14.103573+00:00,a5c038f5-0d5b-4c2a-a362-6a7346083de2,35.16
Tata,Nexon,Fearless Plus (PS) Diesel 1.5L Turbo Automatic (AMT) Dual Tone,Tata Nexon Fearless Plus (PS) Diesel 1.5L Turbo Automatic (AMT) Dual Tone,,SUV,,,,,1401990,,,,Diesel,1497,,True,113.0,260.0,,Automatic (AMT),,,,24.08,,,,,,,,5,,,3995,1804,1620,2498.0,,,6,True,,,,,,,,,,,,,,,,,5.0,Bharat NCAP,,,,True,,,,,,,,,True,True,,3,100000,,,,,,,CarWale,https://www.carwale.com/tata-cars/nexon/fearless-plus-ps-diesel-15l-turbo-automatic-amt-dual-tone/,,2026-06-19T09:52:14.104076+00:00,f68ea8fc-7037-477d-8007-288d28d03e3a,35.16
Tata,Nexon,Fearless Plus (PS) Diesel 1.5L Turbo Automatic (AMT) Dark Edition,Tata Nexon Fearless Plus (PS) Diesel 1.5L Turbo Automatic (AMT) Dark Edition,,SUV,,,,,1421990,,,,Diesel,1497,,True,113.0,260.0,,Automatic (AMT),,,,24.08,,,,,,,,5,,,3995,1804,1620,2498.0,,,6,True,,,,,,,,,,,,,,,,,5.0,Bharat NCAP,,,,True,,,,,,,,,True,True,,3,100000,,,,,,,CarWale,https://www.carwale.com/tata-cars/nexon/fearless-plus-ps-diesel-15l-turbo-automatic-amt-dark-edition/,,2026-06-19T09:52:14.104334+00:00,5d9a22f5-6de3-4251-b566-82460073d8c0,35.16
