legacy_make,legacy_model,legacy_variant_count,legacy_body_types,current_status,selection_decision,current_model_name,generation_action,lineup_refresh_needed,price_refresh_needed,modern_feature_refresh_needed,audited_replacement,reason,verification_source,final_selected,final_priority,refresh_effort,recommendation_role,drop_reason
,Go+,9,MPV,bad_legacy_identity,DROP_DUPLICATE_OR_BAD_IDENTITY,,drop,False,False,False,False,Raw legacy row has missing make; mostly Mercedes/Rolls-Royce/Datsun Go+ identities and should not enter compact dataset without repair.,,False,DROP,NONE,,Not part of the final small-hybrid shortlist.
,Mercedes-Benz A-Class,2,Hatchback,bad_legacy_identity,DROP_DUPLICATE_OR_BAD_IDENTITY,,drop,False,False,False,False,Raw legacy row has missing make; mostly Mercedes/Rolls-Royce/Datsun Go+ identities and should not enter compact dataset without repair.,,False,DROP,NONE,,Not part of the final small-hybrid shortlist.
,Mercedes-Benz Amg Gt 4-Door Coupe,1,Coupe,bad_legacy_identity,DROP_DUPLICATE_OR_BAD_IDENTITY,,drop,False,False,False,False,Raw legacy row has missing make; mostly Mercedes/Rolls-Royce/Datsun Go+ identities and should not enter compact dataset without repair.,,False,DROP,NONE,,Not part of the final small-hybrid shortlist.
,Mercedes-Benz Amg-Gt,3,Coupe,bad_legacy_identity,DROP_DUPLICATE_OR_BAD_IDENTITY,,drop,False,False,False,False,Raw legacy row has missing make; mostly Mercedes/Rolls-Royce/Datsun Go+ identities and should not enter compact dataset without repair.,,False,DROP,NONE,,Not part of the final small-hybrid shortlist.
,Mercedes-Benz B-Class,4,MPV,bad_legacy_identity,DROP_DUPLICATE_OR_BAD_IDENTITY,,drop,False,False,False,False,Raw legacy row has missing make; mostly Mercedes/Rolls-Royce/Datsun Go+ identities and should not enter compact dataset without repair.,,False,DROP,NONE,,Not part of the final small-hybrid shortlist.
,Mercedes-Benz C-Class,6,Coupe|Sedan,bad_legacy_identity,DROP_DUPLICATE_OR_BAD_IDENTITY,,drop,False,False,False,False,Raw legacy row has missing make; mostly Mercedes/Rolls-Royce/Datsun Go+ identities and should not enter compact dataset without repair.,,False,DROP,NONE,,Not part of the final small-hybrid shortlist.
,Mercedes-Benz C-Class Cabriolet,1,Convertible,bad_legacy_identity,DROP_DUPLICATE_OR_BAD_IDENTITY,,drop,False,False,False,False,Raw legacy row has missing make; mostly Mercedes/Rolls-Royce/Datsun Go+ identities and should not enter compact dataset without repair.,,False,DROP,NONE,,Not part of the final small-hybrid shortlist.
,Mercedes-Benz Cla-Class,3,Sedan,bad_legacy_identity,DROP_DUPLICATE_OR_BAD_IDENTITY,,drop,False,False,False,False,Raw legacy row has missing make; mostly Mercedes/Rolls-Royce/Datsun Go+ identities and should not enter compact dataset without repair.,,False,DROP,NONE,,Not part of the final small-hybrid shortlist.
,Mercedes-Benz Cls,1,Sedan,bad_legacy_identity,DROP_DUPLICATE_OR_BAD_IDENTITY,,drop,False,False,False,False,Raw legacy row has missing make; mostly Mercedes/Rolls-Royce/Datsun Go+ identities and should not enter compact dataset without repair.,,False,DROP,NONE,,Not part of the final small-hybrid shortlist.
,Mercedes-Benz E-Class,8,Sedan,bad_legacy_identity,DROP_DUPLICATE_OR_BAD_IDENTITY,,drop,False,False,False,False,Raw legacy row has missing make; mostly Mercedes/Rolls-Royce/Datsun Go+ identities and should not enter compact dataset without repair.,,False,DROP,NONE,,Not part of the final small-hybrid shortlist.
,Mercedes-Benz E-Class All Terrain,1,SUV,bad_legacy_identity,DROP_DUPLICATE_OR_BAD_IDENTITY,,drop,False,False,False,False,Raw legacy row has missing make; mostly Mercedes/Rolls-Royce/Datsun Go+ identities and should not enter compact dataset without repair.,,False,DROP,NONE,,Not part of the final small-hybrid shortlist.
,Mercedes-Benz E-Class Cabriolet,1,Convertible,bad_legacy_identity,DROP_DUPLICATE_OR_BAD_IDENTITY,,drop,False,False,False,False,Raw legacy row has missing make; mostly Mercedes/Rolls-Royce/Datsun Go+ identities and should not enter compact dataset without repair.,,False,DROP,NONE,,Not part of the final small-hybrid shortlist.
,Mercedes-Benz G-Class,2,SUV,bad_legacy_identity,DROP_DUPLICATE_OR_BAD_IDENTITY,,drop,False,False,False,False,Raw legacy row has missing make; mostly Mercedes/Rolls-Royce/Datsun Go+ identities and should not enter compact dataset without repair.,,False,DROP,NONE,,Not part of the final small-hybrid shortlist.
,Mercedes-Benz Gla-Class,6,SUV,bad_legacy_identity,DROP_DUPLICATE_OR_BAD_IDENTITY,,drop,False,False,False,False,Raw legacy row has missing make; mostly Mercedes/Rolls-Royce/Datsun Go+ identities and should not enter compact dataset without repair.,,False,DROP,NONE,,Not part of the final small-hybrid shortlist.
,Mercedes-Benz Glc,2,SUV,bad_legacy_identity,DROP_DUPLICATE_OR_BAD_IDENTITY,,drop,False,False,False,False,Raw legacy row has missing make; mostly Mercedes/Rolls-Royce/Datsun Go+ identities and should not enter compact dataset without repair.,,False,DROP,NONE,,Not part of the final small-hybrid shortlist.
,Mercedes-Benz Gle,2,SUV,bad_legacy_identity,DROP_DUPLICATE_OR_BAD_IDENTITY,,drop,False,False,False,False,Raw legacy row has missing make; mostly Mercedes/Rolls-Royce/Datsun Go+ identities and should not enter compact dataset without repair.,,False,DROP,NONE,,Not part of the final small-hybrid shortlist.
,Mercedes-Benz Gls,5,SUV,bad_legacy_identity,DROP_DUPLICATE_OR_BAD_IDENTITY,,drop,False,False,False,False,Raw legacy row has missing make; mostly Mercedes/Rolls-Royce/Datsun Go+ identities and should not enter compact dataset without repair.,,False,DROP,NONE,,Not part of the final small-hybrid shortlist.
,Mercedes-Benz Maybach,2,Sedan,bad_legacy_identity,DROP_DUPLICATE_OR_BAD_IDENTITY,,drop,False,False,False,False,Raw legacy row has missing make; mostly Mercedes/Rolls-Royce/Datsun Go+ identities and should not enter compact dataset without repair.,,False,DROP,NONE,,Not part of the final small-hybrid shortlist.
,Mercedes-Benz S-Class,3,Coupe|Sedan,bad_legacy_identity,DROP_DUPLICATE_OR_BAD_IDENTITY,,drop,False,False,False,False,Raw legacy row has missing make; mostly Mercedes/Rolls-Royce/Datsun Go+ identities and should not enter compact dataset without repair.,,False,DROP,NONE,,Not part of the final small-hybrid shortlist.
,Mercedes-Benz S-Class Cabriolet,1,Convertible,bad_legacy_identity,DROP_DUPLICATE_OR_BAD_IDENTITY,,drop,False,False,False,False,Raw legacy row has missing make; mostly Mercedes/Rolls-Royce/Datsun Go+ identities and should not enter compact dataset without repair.,,False,DROP,NONE,,Not part of the final small-hybrid shortlist.
,Mercedes-Benz V-Class,3,MPV|MUV,bad_legacy_identity,DROP_DUPLICATE_OR_BAD_IDENTITY,,drop,False,False,False,False,Raw legacy row has missing make; mostly Mercedes/Rolls-Royce/Datsun Go+ identities and should not enter compact dataset without repair.,,False,DROP,NONE,,Not part of the final small-hybrid shortlist.
,Rolls-Royce Cullinan,1,SUV,bad_legacy_identity,DROP_DUPLICATE_OR_BAD_IDENTITY,,drop,False,False,False,False,Raw legacy row has missing make; mostly Mercedes/Rolls-Royce/Datsun Go+ identities and should not enter compact dataset without repair.,,False,DROP,NONE,,Not part of the final small-hybrid shortlist.
,Rolls-Royce Dawn,1,Convertible,bad_legacy_identity,DROP_DUPLICATE_OR_BAD_IDENTITY,,drop,False,False,False,False,Raw legacy row has missing make; mostly Mercedes/Rolls-Royce/Datsun Go+ identities and should not enter compact dataset without repair.,,False,DROP,NONE,,Not part of the final small-hybrid shortlist.
,Rolls-Royce Drophead Coupe,1,Convertible,bad_legacy_identity,DROP_DUPLICATE_OR_BAD_IDENTITY,,drop,False,False,False,False,Raw legacy row has missing make; mostly Mercedes/Rolls-Royce/Datsun Go+ identities and should not enter compact dataset without repair.,,False,DROP,NONE,,Not part of the final small-hybrid shortlist.
,Rolls-Royce Ghost Series Ii,2,Sedan,bad_legacy_identity,DROP_DUPLICATE_OR_BAD_IDENTITY,,drop,False,False,False,False,Raw legacy row has missing make; mostly Mercedes/Rolls-Royce/Datsun Go+ identities and should not enter compact dataset without repair.,,False,DROP,NONE,,Not part of the final small-hybrid shortlist.
,Rolls-Royce Phantom,2,Sedan,bad_legacy_identity,DROP_DUPLICATE_OR_BAD_IDENTITY,,drop,False,False,False,False,Raw legacy row has missing make; mostly Mercedes/Rolls-Royce/Datsun Go+ identities and should not enter compact dataset without repair.,,False,DROP,NONE,,Not part of the final small-hybrid shortlist.
,Rolls-Royce Phantom Coupe,1,Coupe,bad_legacy_identity,DROP_DUPLICATE_OR_BAD_IDENTITY,,drop,False,False,False,False,Raw legacy row has missing make; mostly Mercedes/Rolls-Royce/Datsun Go+ identities and should not enter compact dataset without repair.,,False,DROP,NONE,,Not part of the final small-hybrid shortlist.
,Rolls-Royce Wraith,1,Coupe,bad_legacy_identity,DROP_DUPLICATE_OR_BAD_IDENTITY,,drop,False,False,False,False,Raw legacy row has missing make; mostly Mercedes/Rolls-Royce/Datsun Go+ identities and should not enter compact dataset without repair.,,False,DROP,NONE,,Not part of the final small-hybrid shortlist.
Aston Martin,Db 11,1,Coupe,not_current_in_selected_market_scope,DROP_DISCONTINUED_MODEL,,drop,False,False,False,False,"Legacy model is discontinued, superseded without selection, or outside the bounded recommendation shortlist.",,False,DROP,NONE,,Not part of the final small-hybrid shortlist.
Aston Martin,Rapide,1,Sedan,not_current_in_selected_market_scope,DROP_DISCONTINUED_MODEL,,drop,False,False,False,False,"Legacy model is discontinued, superseded without selection, or outside the bounded recommendation shortlist.",,False,DROP,NONE,,Not part of the final small-hybrid shortlist.
Aston Martin,Vantage,1,Coupe,not_current_in_selected_market_scope,DROP_DISCONTINUED_MODEL,,drop,False,False,False,False,"Legacy model is discontinued, superseded without selection, or outside the bounded recommendation shortlist.",,False,DROP,NONE,,Not part of the final small-hybrid shortlist.
Audi,A3,4,Sedan,not_current_in_selected_market_scope,DROP_DISCONTINUED_MODEL,,drop,False,False,False,False,"Legacy model is discontinued, superseded without selection, or outside the bounded recommendation shortlist.",,False,DROP,NONE,,Not part of the final small-hybrid shortlist.
Audi,A3 Cabriolet,1,Convertible,not_current_in_selected_market_scope,DROP_DISCONTINUED_MODEL,,drop,False,False,False,False,"Legacy model is discontinued, superseded without selection, or outside the bounded recommendation shortlist.",,False,DROP,NONE,,Not part of the final small-hybrid shortlist.
Audi,A4,2,Sedan,not_current_in_selected_market_scope,DROP_DISCONTINUED_MODEL,,drop,False,False,False,False,"Legacy model is discontinued, superseded without selection, or outside the bounded recommendation shortlist.",,False,DROP,NONE,,Not part of the final small-hybrid shortlist.
Audi,A5,1,Sedan,not_current_in_selected_market_scope,DROP_DISCONTINUED_MODEL,,drop,False,False,False,False,"Legacy model is discontinued, superseded without selection, or outside the bounded recommendation shortlist.",,False,DROP,NONE,,Not part of the final small-hybrid shortlist.
Audi,A5 Cabriolet,1,Convertible,not_current_in_selected_market_scope,DROP_DISCONTINUED_MODEL,,drop,False,False,False,False,"Legacy model is discontinued, superseded without selection, or outside the bounded recommendation shortlist.",,False,DROP,NONE,,Not part of the final small-hybrid shortlist.
Audi,A6,2,Sedan,not_current_in_selected_market_scope,DROP_DISCONTINUED_MODEL,,drop,False,False,False,False,"Legacy model is discontinued, superseded without selection, or outside the bounded recommendation shortlist.",,False,DROP,NONE,,Not part of the final small-hybrid shortlist.
Audi,A8 L,1,Sedan,not_current_in_selected_market_scope,DROP_DISCONTINUED_MODEL,,drop,False,False,False,False,"Legacy model is discontinued, superseded without selection, or outside the bounded recommendation shortlist.",,False,DROP,NONE,,Not part of the final small-hybrid shortlist.
Audi,Q3,4,SUV,not_current_in_selected_market_scope,DROP_DISCONTINUED_MODEL,,drop,False,False,False,False,"Legacy model is discontinued, superseded without selection, or outside the bounded recommendation shortlist.",,False,DROP,NONE,,Not part of the final small-hybrid shortlist.
Audi,Q5,4,SUV,not_current_in_selected_market_scope,DROP_DISCONTINUED_MODEL,,drop,False,False,False,False,"Legacy model is discontinued, superseded without selection, or outside the bounded recommendation shortlist.",,False,DROP,NONE,,Not part of the final small-hybrid shortlist.
Audi,Q7,6,SUV,not_current_in_selected_market_scope,DROP_DISCONTINUED_MODEL,,drop,False,False,False,False,"Legacy model is discontinued, superseded without selection, or outside the bounded recommendation shortlist.",,False,DROP,NONE,,Not part of the final small-hybrid shortlist.
Audi,Q8,1,SUV,not_current_in_selected_market_scope,DROP_DISCONTINUED_MODEL,,drop,False,False,False,False,"Legacy model is discontinued, superseded without selection, or outside the bounded recommendation shortlist.",,False,DROP,NONE,,Not part of the final small-hybrid shortlist.
Audi,R8,1,Coupe,not_current_in_selected_market_scope,DROP_DISCONTINUED_MODEL,,drop,False,False,False,False,"Legacy model is discontinued, superseded without selection, or outside the bounded recommendation shortlist.",,False,DROP,NONE,,Not part of the final small-hybrid shortlist.
Audi,Rs5,1,Coupe,not_current_in_selected_market_scope,DROP_DISCONTINUED_MODEL,,drop,False,False,False,False,"Legacy model is discontinued, superseded without selection, or outside the bounded recommendation shortlist.",,False,DROP,NONE,,Not part of the final small-hybrid shortlist.
Audi,Rs7,1,"Sedan, Coupe",not_current_in_selected_market_scope,DROP_DISCONTINUED_MODEL,,drop,False,False,False,False,"Legacy model is discontinued, superseded without selection, or outside the bounded recommendation shortlist.",,False,DROP,NONE,,Not part of the final small-hybrid shortlist.
Audi,S5,1,Sedan,not_current_in_selected_market_scope,DROP_DISCONTINUED_MODEL,,drop,False,False,False,False,"Legacy model is discontinued, superseded without selection, or outside the bounded recommendation shortlist.",,False,DROP,NONE,,Not part of the final small-hybrid shortlist.
Bajaj,Qute (Re60),2,Hatchback,make_discontinued_or_no_current_india_passenger_sales,DROP_DISCONTINUED_MAKE,,drop,False,False,False,False,Make is discontinued/absent from current Indian passenger-car market for this compact refresh scope.,,False,DROP,NONE,,Not part of the final small-hybrid shortlist.
Bentley,Bentayga,2,SUV,not_current_in_selected_market_scope,DROP_DISCONTINUED_MODEL,,drop,False,False,False,False,"Legacy model is discontinued, superseded without selection, or outside the bounded recommendation shortlist.",,False,DROP,NONE,,Not part of the final small-hybrid shortlist.
Bentley,Continental Gt,1,Coupe,not_current_in_selected_market_scope,DROP_DISCONTINUED_MODEL,,drop,False,False,False,False,"Legacy model is discontinued, superseded without selection, or outside the bounded recommendation shortlist.",,False,DROP,NONE,,Not part of the final small-hybrid shortlist.
Bentley,Flying Spur,2,Sedan,not_current_in_selected_market_scope,DROP_DISCONTINUED_MODEL,,drop,False,False,False,False,"Legacy model is discontinued, superseded without selection, or outside the bounded recommendation shortlist.",,False,DROP,NONE,,Not part of the final small-hybrid shortlist.
Bentley,Mulsanne,1,Sedan,not_current_in_selected_market_scope,DROP_DISCONTINUED_MODEL,,drop,False,False,False,False,"Legacy model is discontinued, superseded without selection, or outside the bounded recommendation shortlist.",,False,DROP,NONE,,Not part of the final small-hybrid shortlist.
Bmw,3-Series,3,Sedan,not_current_in_selected_market_scope,DROP_DISCONTINUED_MODEL,,drop,False,False,False,False,"Legacy model is discontinued, superseded without selection, or outside the bounded recommendation shortlist.",,False,DROP,NONE,,Not part of the final small-hybrid shortlist.
Bmw,5-Series,3,Sedan,not_current_in_selected_market_scope,DROP_DISCONTINUED_MODEL,,drop,False,False,False,False,"Legacy model is discontinued, superseded without selection, or outside the bounded recommendation shortlist.",,False,DROP,NONE,,Not part of the final small-hybrid shortlist.
Bmw,6-Series,4,Coupe|Sedan,not_current_in_selected_market_scope,DROP_DISCONTINUED_MODEL,,drop,False,False,False,False,"Legacy model is discontinued, superseded without selection, or outside the bounded recommendation shortlist.",,False,DROP,NONE,,Not part of the final small-hybrid shortlist.
Bmw,7-Series,6,Sedan,not_current_in_selected_market_scope,DROP_DISCONTINUED_MODEL,,drop,False,False,False,False,"Legacy model is discontinued, superseded without selection, or outside the bounded recommendation shortlist.",,False,DROP,NONE,,Not part of the final small-hybrid shortlist.
Bmw,M2 Competition,1,Coupe,not_current_in_selected_market_scope,DROP_DISCONTINUED_MODEL,,drop,False,False,False,False,"Legacy model is discontinued, superseded without selection, or outside the bounded recommendation shortlist.",,False,DROP,NONE,,Not part of the final small-hybrid shortlist.
Bmw,M4,1,Coupe,not_current_in_selected_market_scope,DROP_DISCONTINUED_MODEL,,drop,False,False,False,False,"Legacy model is discontinued, superseded without selection, or outside the bounded recommendation shortlist.",,False,DROP,NONE,,Not part of the final small-hybrid shortlist.
Bmw,M5,1,Sedan,not_current_in_selected_market_scope,DROP_DISCONTINUED_MODEL,,drop,False,False,False,False,"Legacy model is discontinued, superseded without selection, or outside the bounded recommendation shortlist.",,False,DROP,NONE,,Not part of the final small-hybrid shortlist.
Bmw,X1,5,"Crossover, SUV|SUV|SUV, Crossover",not_current_in_selected_market_scope,DROP_DISCONTINUED_MODEL,,drop,False,False,False,False,"Legacy model is discontinued, superseded without selection, or outside the bounded recommendation shortlist.",,False,DROP,NONE,,Not part of the final small-hybrid shortlist.
Bmw,X3,3,SUV,not_current_in_selected_market_scope,DROP_DISCONTINUED_MODEL,,drop,False,False,False,False,"Legacy model is discontinued, superseded without selection, or outside the bounded recommendation shortlist.",,False,DROP,NONE,,Not part of the final small-hybrid shortlist.
Bmw,X4,3,SUV,not_current_in_selected_market_scope,DROP_DISCONTINUED_MODEL,,drop,False,False,False,False,"Legacy model is discontinued, superseded without selection, or outside the bounded recommendation shortlist.",,False,DROP,NONE,,Not part of the final small-hybrid shortlist.
Bmw,X5,3,SUV,not_current_in_selected_market_scope,DROP_DISCONTINUED_MODEL,,drop,False,False,False,False,"Legacy model is discontinued, superseded without selection, or outside the bounded recommendation shortlist.",,False,DROP,NONE,,Not part of the final small-hybrid shortlist.
Bmw,X7,2,SUV,not_current_in_selected_market_scope,DROP_DISCONTINUED_MODEL,,drop,False,False,False,False,"Legacy model is discontinued, superseded without selection, or outside the bounded recommendation shortlist.",,False,DROP,NONE,,Not part of the final small-hybrid shortlist.
Bmw,Z4 Roadster,2,"Sports, Convertible",not_current_in_selected_market_scope,DROP_DISCONTINUED_MODEL,,drop,False,False,False,False,"Legacy model is discontinued, superseded without selection, or outside the bounded recommendation shortlist.",,False,DROP,NONE,,Not part of the final small-hybrid shortlist.
Bugatti,Chiron,2,Sports,not_current_in_selected_market_scope,DROP_DISCONTINUED_MODEL,,drop,False,False,False,False,Ultra-luxury legacy model is outside the current bounded India recommendation refresh scope.,,False,DROP,NONE,,Not part of the final small-hybrid shortlist.
Datsun,Go,9,Hatchback,make_discontinued_or_no_current_india_passenger_sales,DROP_DISCONTINUED_MAKE,,drop,False,False,False,False,Make is discontinued/absent from current Indian passenger-car market for this compact refresh scope.,,False,DROP,NONE,,Not part of the final small-hybrid shortlist.
Datsun,Redi-Go,6,Hatchback,make_discontinued_or_no_current_india_passenger_sales,DROP_DISCONTINUED_MAKE,,drop,False,False,False,False,Make is discontinued/absent from current Indian passenger-car market for this compact refresh scope.,,False,DROP,NONE,,Not part of the final small-hybrid shortlist.
Dc,Avanti,1,Coupe,make_discontinued_or_no_current_india_passenger_sales,DROP_DISCONTINUED_MAKE,,drop,False,False,False,False,Make is discontinued/absent from current Indian passenger-car market for this compact refresh scope.,,False,DROP,NONE,,Not part of the final small-hybrid shortlist.
Ferrari,458 Speciale,1,Coupe,not_current_in_selected_market_scope,DROP_DISCONTINUED_MODEL,,drop,False,False,False,False,"Legacy model is discontinued, superseded without selection, or outside the bounded recommendation shortlist.",,False,DROP,NONE,,Not part of the final small-hybrid shortlist.
Ferrari,458 Spider,1,"Coupe, Convertible",not_current_in_selected_market_scope,DROP_DISCONTINUED_MODEL,,drop,False,False,False,False,"Legacy model is discontinued, superseded without selection, or outside the bounded recommendation shortlist.",,False,DROP,NONE,,Not part of the final small-hybrid shortlist.
Ferrari,488 Gtb,2,Coupe,not_current_in_selected_market_scope,DROP_DISCONTINUED_MODEL,,drop,False,False,False,False,"Legacy model is discontinued, superseded without selection, or outside the bounded recommendation shortlist.",,False,DROP,NONE,,Not part of the final small-hybrid shortlist.
Ferrari,812 Superfast,1,Coupe,not_current_in_selected_market_scope,DROP_DISCONTINUED_MODEL,,drop,False,False,False,False,"Legacy model is discontinued, superseded without selection, or outside the bounded recommendation shortlist.",,False,DROP,NONE,,Not part of the final small-hybrid shortlist.
Ferrari,Gtc4 Lusso,2,Coupe,not_current_in_selected_market_scope,DROP_DISCONTINUED_MODEL,,drop,False,False,False,False,"Legacy model is discontinued, superseded without selection, or outside the bounded recommendation shortlist.",,False,DROP,NONE,,Not part of the final small-hybrid shortlist.
Ferrari,Portofino,1,Convertible,not_current_in_selected_market_scope,DROP_DISCONTINUED_MODEL,,drop,False,False,False,False,"Legacy model is discontinued, superseded without selection, or outside the bounded recommendation shortlist.",,False,DROP,NONE,,Not part of the final small-hybrid shortlist.
Fiat,Abarth Avventura,1,Crossover,make_discontinued_or_no_current_india_passenger_sales,DROP_DISCONTINUED_MAKE,,drop,False,False,False,False,Make is discontinued/absent from current Indian passenger-car market for this compact refresh scope.,,False,DROP,NONE,,Not part of the final small-hybrid shortlist.
Fiat,Abarth Punto,1,Hatchback,make_discontinued_or_no_current_india_passenger_sales,DROP_DISCONTINUED_MAKE,,drop,False,False,False,False,Make is discontinued/absent from current Indian passenger-car market for this compact refresh scope.,,False,DROP,NONE,,Not part of the final small-hybrid shortlist.
Fiat,Avventura,3,Crossover,make_discontinued_or_no_current_india_passenger_sales,DROP_DISCONTINUED_MAKE,,drop,False,False,False,False,Make is discontinued/absent from current Indian passenger-car market for this compact refresh scope.,,False,DROP,NONE,,Not part of the final small-hybrid shortlist.
Fiat,Linea,5,Sedan,make_discontinued_or_no_current_india_passenger_sales,DROP_DISCONTINUED_MAKE,,drop,False,False,False,False,Make is discontinued/absent from current Indian passenger-car market for this compact refresh scope.,,False,DROP,NONE,,Not part of the final small-hybrid shortlist.
Fiat,Linea Classic,3,Sedan,make_discontinued_or_no_current_india_passenger_sales,DROP_DISCONTINUED_MAKE,,drop,False,False,False,False,Make is discontinued/absent from current Indian passenger-car market for this compact refresh scope.,,False,DROP,NONE,,Not part of the final small-hybrid shortlist.
Fiat,Punto Evo,4,Hatchback,make_discontinued_or_no_current_india_passenger_sales,DROP_DISCONTINUED_MAKE,,drop,False,False,False,False,Make is discontinued/absent from current Indian passenger-car market for this compact refresh scope.,,False,DROP,NONE,,Not part of the final small-hybrid shortlist.
Fiat,Punto Evo Pure,2,Hatchback,make_discontinued_or_no_current_india_passenger_sales,DROP_DISCONTINUED_MAKE,,drop,False,False,False,False,Make is discontinued/absent from current Indian passenger-car market for this compact refresh scope.,,False,DROP,NONE,,Not part of the final small-hybrid shortlist.
Fiat,Urban Cross,4,Crossover,make_discontinued_or_no_current_india_passenger_sales,DROP_DISCONTINUED_MAKE,,drop,False,False,False,False,Make is discontinued/absent from current Indian passenger-car market for this compact refresh scope.,,False,DROP,NONE,,Not part of the final small-hybrid shortlist.
Force,Gurkha,6,SUV,current_or_successor_available_not_shortlisted,REVIEW_REQUIRED,Gurkha,review_if_expanding_scope,True,True,True,False,Current niche off-roader but omitted to keep shortlist broad and mass-market.,,False,DROP,HIGH,,Review-required model not promoted; does not add enough value for this small hybrid refresh.
Ford,Aspire,13,Sedan,make_discontinued_or_no_current_india_passenger_sales,DROP_DISCONTINUED_MAKE,,drop,False,False,False,False,Make is discontinued/absent from current Indian passenger-car market for this compact refresh scope.,,False,DROP,NONE,,Not part of the final small-hybrid shortlist.
Ford,Ecosport,12,SUV,make_discontinued_or_no_current_india_passenger_sales,DROP_DISCONTINUED_MAKE,,drop,False,False,False,False,Make is discontinued/absent from current Indian passenger-car market for this compact refresh scope.,,False,DROP,NONE,,Not part of the final small-hybrid shortlist.
Ford,Endeavour,3,SUV,make_discontinued_or_no_current_india_passenger_sales,DROP_DISCONTINUED_MAKE,,drop,False,False,False,False,Make is discontinued/absent from current Indian passenger-car market for this compact refresh scope.,,False,DROP,NONE,,Not part of the final small-hybrid shortlist.
Ford,Figo,6,Hatchback,make_discontinued_or_no_current_india_passenger_sales,DROP_DISCONTINUED_MAKE,,drop,False,False,False,False,Make is discontinued/absent from current Indian passenger-car market for this compact refresh scope.,,False,DROP,NONE,,Not part of the final small-hybrid shortlist.
Ford,Freestyle,8,Crossover|Hatchback,make_discontinued_or_no_current_india_passenger_sales,DROP_DISCONTINUED_MAKE,,drop,False,False,False,False,Make is discontinued/absent from current Indian passenger-car market for this compact refresh scope.,,False,DROP,NONE,,Not part of the final small-hybrid shortlist.
Ford,Mustang,1,"Sedan, Coupe",make_discontinued_or_no_current_india_passenger_sales,DROP_DISCONTINUED_MAKE,,drop,False,False,False,False,Make is discontinued/absent from current Indian passenger-car market for this compact refresh scope.,,False,DROP,NONE,,Not part of the final small-hybrid shortlist.
Honda,Accord Hybrid,1,Sedan,not_current_in_selected_market_scope,DROP_DISCONTINUED_MODEL,,drop,False,False,False,False,"Legacy model is discontinued, superseded without selection, or outside the bounded recommendation shortlist.",https://www.hondacarindia.com/,False,DROP,NONE,,Not part of the final small-hybrid shortlist.
Honda,Amaze,20,Sedan,current_in_india,KEEP_BUT_REPLACE_GENERATION,New Amaze,replace_current_generation,True,True,True,False,Official Honda page lists New Amaze; legacy generation should be replaced.,https://www.hondacarindia.com/,False,DROP,HIGH,,"Dropped to reduce sedan generation-replacement work; City, Dzire, Aura, Tigor, and Verna cover sedans."
Honda,Brv,8,SUV,not_current_in_selected_market_scope,DROP_DISCONTINUED_MODEL,,drop,False,False,False,False,"Legacy model is discontinued, superseded without selection, or outside the bounded recommendation shortlist.",https://www.hondacarindia.com/,False,DROP,NONE,,Not part of the final small-hybrid shortlist.
Honda,City,10,Sedan,current_in_india,KEEP_BUT_REFRESH_LINEUP,New City,refresh_current_lineup,True,True,True,False,Official Honda page lists New City; retain with price/lineup refresh.,https://www.hondacarindia.com/,True,DIVERSITY,LOW,sedan,
Honda,Civic,5,Sedan,not_current_in_selected_market_scope,DROP_DISCONTINUED_MODEL,,drop,False,False,False,False,"Legacy model is discontinued, superseded without selection, or outside the bounded recommendation shortlist.",https://www.hondacarindia.com/,False,DROP,NONE,,Not part of the final small-hybrid shortlist.
Honda,Cr-V,3,SUV,not_current_in_selected_market_scope,DROP_DISCONTINUED_MODEL,,drop,False,False,False,False,"Legacy model is discontinued, superseded without selection, or outside the bounded recommendation shortlist.",https://www.hondacarindia.com/,False,DROP,NONE,,Not part of the final small-hybrid shortlist.
Honda,Jazz,8,Hatchback,not_current_in_selected_market_scope,DROP_DISCONTINUED_MODEL,,drop,False,False,False,False,"Legacy model is discontinued, superseded without selection, or outside the bounded recommendation shortlist.",https://www.hondacarindia.com/,False,DROP,NONE,,Not part of the final small-hybrid shortlist.
Honda,Wr-V,9,SUV,not_current_in_selected_market_scope,DROP_DISCONTINUED_MODEL,,drop,False,False,False,False,"Legacy model is discontinued, superseded without selection, or outside the bounded recommendation shortlist.",https://www.hondacarindia.com/,False,DROP,NONE,,Not part of the final small-hybrid shortlist.
Hyundai,Aura,12,Sedan,current_in_india,KEEP_BUT_REFRESH_LINEUP,Aura,refresh_current_lineup,True,True,True,False,Official Hyundai page lists Aura with petrol/CNG.,https://www.hyundai.com/in/en/find-a-car,True,DIVERSITY,LOW,sedan,
Hyundai,Creta,18,SUV,current_audited,AUDITED_REPLACEMENT,Creta,use_audited_replacement,False,False,False,True,Audited Hyundai Creta rows are authoritative.,https://www.hyundai.com/in/en/find-a-car,True,CORE,LOW,midsize_suv,
Hyundai,Elantra,4,Sedan,not_current_in_selected_market_scope,DROP_DISCONTINUED_MODEL,,drop,False,False,False,False,"Legacy model is discontinued, superseded without selection, or outside the bounded recommendation shortlist.",https://www.hyundai.com/in/en/find-a-car,False,DROP,NONE,,Not part of the final small-hybrid shortlist.
Hyundai,Elite I20,12,Hatchback,current_in_india,KEEP_BUT_REPLACE_GENERATION,i20,replace_current_generation,True,True,True,False,Legacy Elite i20 identity should be replaced by current Hyundai i20 lineup.,https://www.hyundai.com/in/en/find-a-car,False,DROP,HIGH,,"Dropped as redundant high-effort hatchback; Swift, Baleno, Altroz, Grand i10 NIOS, Tiago, and WagonR cover hatchbacks."
Hyundai,Grand I10,6,Hatchback,not_current_in_selected_market_scope,DROP_DISCONTINUED_MODEL,,drop,False,False,False,False,"Legacy model is discontinued, superseded without selection, or outside the bounded recommendation shortlist.",https://www.hyundai.com/in/en/find-a-car,False,DROP,NONE,,Not part of the final small-hybrid shortlist.
Hyundai,Grand I10 Nios,10,Hatchback,current_in_india,KEEP_BUT_REFRESH_LINEUP,Grand i10 NIOS,refresh_current_lineup,True,True,True,False,Official Hyundai page lists Grand i10 NIOS with petrol/CNG.,https://www.hyundai.com/in/en/find-a-car,True,DIVERSITY,LOW,budget_hatchback,
Hyundai,Grand I10 Prime,6,Hatchback,not_current_in_selected_market_scope,DROP_DISCONTINUED_MODEL,,drop,False,False,False,False,"Legacy model is discontinued, superseded without selection, or outside the bounded recommendation shortlist.",https://www.hyundai.com/in/en/find-a-car,False,DROP,NONE,,Not part of the final small-hybrid shortlist.
Hyundai,I20 Active,4,Hatchback,not_current_in_selected_market_scope,DROP_DISCONTINUED_MODEL,,drop,False,False,False,False,"Legacy model is discontinued, superseded without selection, or outside the bounded recommendation shortlist.",https://www.hyundai.com/in/en/find-a-car,False,DROP,NONE,,Not part of the final small-hybrid shortlist.
Hyundai,Kona Electric,1,SUV,not_current_in_selected_market_scope,DROP_DISCONTINUED_MODEL,,drop,False,False,False,False,"Legacy model is discontinued, superseded without selection, or outside the bounded recommendation shortlist.",https://www.hyundai.com/in/en/find-a-car,False,DROP,NONE,,Not part of the final small-hybrid shortlist.
Hyundai,Santro,8,Hatchback,not_current_in_selected_market_scope,DROP_DISCONTINUED_MODEL,,drop,False,False,False,False,"Legacy model is discontinued, superseded without selection, or outside the bounded recommendation shortlist.",https://www.hyundai.com/in/en/find-a-car,False,DROP,NONE,,Not part of the final small-hybrid shortlist.
Hyundai,Tucson,8,SUV,not_current_in_selected_market_scope,DROP_DISCONTINUED_MODEL,,drop,False,False,False,False,"Legacy model is discontinued, superseded without selection, or outside the bounded recommendation shortlist.",https://www.hyundai.com/in/en/find-a-car,False,DROP,NONE,,Not part of the final small-hybrid shortlist.
Hyundai,Venue,13,SUV,current_in_india,KEEP_BUT_REFRESH_LINEUP,Venue,refresh_current_lineup,True,True,True,False,Official Hyundai page lists Venue with petrol/diesel and multiple transmissions.,https://www.hyundai.com/in/en/find-a-car,True,CORE,LOW,compact_suv,
Hyundai,Verna,13,Sedan,current_in_india,KEEP_BUT_REPLACE_GENERATION,Verna,replace_current_generation,True,True,True,False,Current Verna is newer generation and petrol-only; replace old diesel/petrol legacy rows.,https://www.hyundai.com/in/en/find-a-car,True,DIVERSITY,HIGH,sedan,
Hyundai,Xcent,9,Sedan,not_current_in_selected_market_scope,DROP_DISCONTINUED_MODEL,,drop,False,False,False,False,"Legacy model is discontinued, superseded without selection, or outside the bounded recommendation shortlist.",https://www.hyundai.com/in/en/find-a-car,False,DROP,NONE,,Not part of the final small-hybrid shortlist.
Hyundai,Xcent Prime,6,Sedan,not_current_in_selected_market_scope,DROP_DISCONTINUED_MODEL,,drop,False,False,False,False,"Legacy model is discontinued, superseded without selection, or outside the bounded recommendation shortlist.",https://www.hyundai.com/in/en/find-a-car,False,DROP,NONE,,Not part of the final small-hybrid shortlist.
Icml,Extreme,11,SUV,make_discontinued_or_no_current_india_passenger_sales,DROP_DISCONTINUED_MAKE,,drop,False,False,False,False,Make is discontinued/absent from current Indian passenger-car market for this compact refresh scope.,,False,DROP,NONE,,Not part of the final small-hybrid shortlist.
Isuzu,Dmax V-Cross,3,Pick-up,current_or_successor_available_not_shortlisted,REVIEW_REQUIRED,Dmax V-Cross,review_if_expanding_scope,True,True,True,False,Pickup lifestyle model; not selected for core car recommender dataset.,,False,DROP,HIGH,,Review-required model not promoted; does not add enough value for this small hybrid refresh.
Isuzu,Mu-X,2,SUV,current_or_successor_available_not_shortlisted,REVIEW_REQUIRED,Mu-X,review_if_expanding_scope,True,True,True,False,Niche SUV; current status requires deeper verification if premium diesel SUVs are expanded.,,False,DROP,HIGH,,Review-required model not promoted; does not add enough value for this small hybrid refresh.
Jaguar,F-Pace,2,SUV,not_current_in_selected_market_scope,DROP_DISCONTINUED_MODEL,,drop,False,False,False,False,"Legacy model is discontinued, superseded without selection, or outside the bounded recommendation shortlist.",,False,DROP,NONE,,Not part of the final small-hybrid shortlist.
Jaguar,F-Type,8,Convertible|Coupe,not_current_in_selected_market_scope,DROP_DISCONTINUED_MODEL,,drop,False,False,False,False,"Legacy model is discontinued, superseded without selection, or outside the bounded recommendation shortlist.",,False,DROP,NONE,,Not part of the final small-hybrid shortlist.
Jaguar,Xe,4,Sedan,not_current_in_selected_market_scope,DROP_DISCONTINUED_MODEL,,drop,False,False,False,False,"Legacy model is discontinued, superseded without selection, or outside the bounded recommendation shortlist.",,False,DROP,NONE,,Not part of the final small-hybrid shortlist.
Jaguar,Xf,5,Sedan,not_current_in_selected_market_scope,DROP_DISCONTINUED_MODEL,,drop,False,False,False,False,"Legacy model is discontinued, superseded without selection, or outside the bounded recommendation shortlist.",,False,DROP,NONE,,Not part of the final small-hybrid shortlist.
Jaguar,Xj,3,Sedan,not_current_in_selected_market_scope,DROP_DISCONTINUED_MODEL,,drop,False,False,False,False,"Legacy model is discontinued, superseded without selection, or outside the bounded recommendation shortlist.",,False,DROP,NONE,,Not part of the final small-hybrid shortlist.
Jeep,Compass,21,SUV,current_or_successor_available_not_shortlisted,REVIEW_REQUIRED,Compass,review_if_expanding_scope,True,True,True,False,"Current model verified, but omitted from shortlist to stay under cap; candidate premium SUV fallback.",https://www.jeep-india.com/,False,DROP,HIGH,,Review-required model not promoted; does not add enough value for this small hybrid refresh.
Jeep,Compass Trailhawk,2,SUV,not_current_in_selected_market_scope,DROP_DISCONTINUED_MODEL,,drop,False,False,False,False,"Legacy model is discontinued, superseded without selection, or outside the bounded recommendation shortlist.",https://www.jeep-india.com/,False,DROP,NONE,,Not part of the final small-hybrid shortlist.
Jeep,Grand Cherokee,4,SUV,current_or_successor_available_not_shortlisted,REVIEW_REQUIRED,Grand Cherokee,review_if_expanding_scope,True,True,True,False,"Current premium SUV, omitted as high-price/low-volume.",https://www.jeep-india.com/,False,DROP,HIGH,,Review-required model not promoted; does not add enough value for this small hybrid refresh.
Jeep,Wrangler,1,SUV,current_or_successor_available_not_shortlisted,REVIEW_REQUIRED,Wrangler,review_if_expanding_scope,True,True,True,False,"Current premium off-roader, omitted as low-volume/high-price.",https://www.jeep-india.com/,False,DROP,HIGH,,Review-required model not promoted; does not add enough value for this small hybrid refresh.
Kia,Carnival,5,MUV,not_current_in_selected_market_scope,DROP_DISCONTINUED_MODEL,,drop,False,False,False,False,"Legacy model is discontinued, superseded without selection, or outside the bounded recommendation shortlist.",https://www.kia.com/in/home.html,False,DROP,NONE,,Not part of the final small-hybrid shortlist.
Kia,Seltos,16,SUV,current_in_india,KEEP_BUT_REPLACE_GENERATION,All New Seltos,replace_current_generation,True,True,True,False,Official Kia page lists All New Seltos; legacy 2019 rows need replacement.,https://www.kia.com/in/home.html,True,CORE,HIGH,midsize_suv,
Lamborghini,Aventador,3,Convertible|Coupe,not_current_in_selected_market_scope,DROP_DISCONTINUED_MODEL,,drop,False,False,False,False,"Legacy model is discontinued, superseded without selection, or outside the bounded recommendation shortlist.",,False,DROP,NONE,,Not part of the final small-hybrid shortlist.
Lamborghini,Huracan,9,Convertible|Coupe,not_current_in_selected_market_scope,DROP_DISCONTINUED_MODEL,,drop,False,False,False,False,"Legacy model is discontinued, superseded without selection, or outside the bounded recommendation shortlist.",,False,DROP,NONE,,Not part of the final small-hybrid shortlist.
Lamborghini,Urus,1,SUV,not_current_in_selected_market_scope,DROP_DISCONTINUED_MODEL,,drop,False,False,False,False,"Legacy model is discontinued, superseded without selection, or outside the bounded recommendation shortlist.",,False,DROP,NONE,,Not part of the final small-hybrid shortlist.
Land Rover,Discovery,8,SUV,not_current_in_selected_market_scope,DROP_DISCONTINUED_MODEL,,drop,False,False,False,False,"Legacy model is discontinued, superseded without selection, or outside the bounded recommendation shortlist.",,False,DROP,NONE,,Not part of the final small-hybrid shortlist.
Land Rover,Discovery Sport,2,SUV,not_current_in_selected_market_scope,DROP_DISCONTINUED_MODEL,,drop,False,False,False,False,"Legacy model is discontinued, superseded without selection, or outside the bounded recommendation shortlist.",,False,DROP,NONE,,Not part of the final small-hybrid shortlist.
Land Rover Rover,Range,10,SUV,not_current_in_selected_market_scope,DROP_DISCONTINUED_MODEL,,drop,False,False,False,False,"Legacy model is discontinued, superseded without selection, or outside the bounded recommendation shortlist.",,False,DROP,NONE,,Not part of the final small-hybrid shortlist.
Land Rover Rover,Range Evoque,4,SUV,not_current_in_selected_market_scope,DROP_DISCONTINUED_MODEL,,drop,False,False,False,False,"Legacy model is discontinued, superseded without selection, or outside the bounded recommendation shortlist.",,False,DROP,NONE,,Not part of the final small-hybrid shortlist.
Land Rover Rover,Range Evoque Convertible,1,Convertible,not_current_in_selected_market_scope,DROP_DISCONTINUED_MODEL,,drop,False,False,False,False,"Legacy model is discontinued, superseded without selection, or outside the bounded recommendation shortlist.",,False,DROP,NONE,,Not part of the final small-hybrid shortlist.
Land Rover Rover,Range Sport,10,SUV,not_current_in_selected_market_scope,DROP_DISCONTINUED_MODEL,,drop,False,False,False,False,"Legacy model is discontinued, superseded without selection, or outside the bounded recommendation shortlist.",,False,DROP,NONE,,Not part of the final small-hybrid shortlist.
Land Rover Rover,Range Velar,2,SUV,not_current_in_selected_market_scope,DROP_DISCONTINUED_MODEL,,drop,False,False,False,False,"Legacy model is discontinued, superseded without selection, or outside the bounded recommendation shortlist.",,False,DROP,NONE,,Not part of the final small-hybrid shortlist.
Lexus,Es,1,Sedan,not_current_in_selected_market_scope,DROP_DISCONTINUED_MODEL,,drop,False,False,False,False,"Legacy model is discontinued, superseded without selection, or outside the bounded recommendation shortlist.",,False,DROP,NONE,,Not part of the final small-hybrid shortlist.
Lexus,Lc 500H,1,Coupe,not_current_in_selected_market_scope,DROP_DISCONTINUED_MODEL,,drop,False,False,False,False,"Legacy model is discontinued, superseded without selection, or outside the bounded recommendation shortlist.",,False,DROP,NONE,,Not part of the final small-hybrid shortlist.
Lexus,Ls 500H,3,SUV,not_current_in_selected_market_scope,DROP_DISCONTINUED_MODEL,,drop,False,False,False,False,"Legacy model is discontinued, superseded without selection, or outside the bounded recommendation shortlist.",,False,DROP,NONE,,Not part of the final small-hybrid shortlist.
Lexus,Lx 450D,1,SUV,not_current_in_selected_market_scope,DROP_DISCONTINUED_MODEL,,drop,False,False,False,False,"Legacy model is discontinued, superseded without selection, or outside the bounded recommendation shortlist.",,False,DROP,NONE,,Not part of the final small-hybrid shortlist.
Lexus,Lx 570,1,SUV,not_current_in_selected_market_scope,DROP_DISCONTINUED_MODEL,,drop,False,False,False,False,"Legacy model is discontinued, superseded without selection, or outside the bounded recommendation shortlist.",,False,DROP,NONE,,Not part of the final small-hybrid shortlist.
Lexus,Nx 300H,2,SUV,not_current_in_selected_market_scope,DROP_DISCONTINUED_MODEL,,drop,False,False,False,False,"Legacy model is discontinued, superseded without selection, or outside the bounded recommendation shortlist.",,False,DROP,NONE,,Not part of the final small-hybrid shortlist.
Lexus,Rx 450H,1,SUV,not_current_in_selected_market_scope,DROP_DISCONTINUED_MODEL,,drop,False,False,False,False,"Legacy model is discontinued, superseded without selection, or outside the bounded recommendation shortlist.",,False,DROP,NONE,,Not part of the final small-hybrid shortlist.
Mahindra,Alturas G4,2,SUV,not_current_in_selected_market_scope,DROP_DISCONTINUED_MODEL,,drop,False,False,False,False,"Legacy model is discontinued, superseded without selection, or outside the bounded recommendation shortlist.",https://auto.mahindra.com/suv,False,DROP,NONE,,Not part of the final small-hybrid shortlist.
Mahindra,Bolero,5,SUV,current_in_india,KEEP_BUT_REFRESH_LINEUP,Bolero,refresh_current_lineup,True,True,True,False,Official Mahindra page lists Bolero; useful rugged budget 7-seater coverage.,https://auto.mahindra.com/suv,True,DIVERSITY,LOW,mpv_7_seater,
Mahindra,Bolero Power Plus,6,SUV,not_current_in_selected_market_scope,DROP_DISCONTINUED_MODEL,,drop,False,False,False,False,"Legacy model is discontinued, superseded without selection, or outside the bounded recommendation shortlist.",https://auto.mahindra.com/suv,False,DROP,NONE,,Not part of the final small-hybrid shortlist.
Mahindra,E Verito,3,Sedan,not_current_in_selected_market_scope,DROP_DISCONTINUED_MODEL,,drop,False,False,False,False,"Legacy model is discontinued, superseded without selection, or outside the bounded recommendation shortlist.",https://auto.mahindra.com/suv,False,DROP,NONE,,Not part of the final small-hybrid shortlist.
Mahindra,E2O Plus,2,Hatchback,not_current_in_selected_market_scope,DROP_DISCONTINUED_MODEL,,drop,False,False,False,False,"Legacy model is discontinued, superseded without selection, or outside the bounded recommendation shortlist.",https://auto.mahindra.com/suv,False,DROP,NONE,,Not part of the final small-hybrid shortlist.
Mahindra,Kuv100 Nxt,22,Hatchback,not_current_in_selected_market_scope,DROP_DISCONTINUED_MODEL,,drop,False,False,False,False,"Legacy model is discontinued, superseded without selection, or outside the bounded recommendation shortlist.",https://auto.mahindra.com/suv,False,DROP,NONE,,Not part of the final small-hybrid shortlist.
Mahindra,Marazzo,8,MPV,current_in_india,KEEP_BUT_REFRESH_LINEUP,Marazzo,refresh_current_lineup,True,True,True,False,Official Mahindra page still lists Marazzo; keep for MPV/7-seater diversity but review demand relevance.,https://auto.mahindra.com/suv,False,DROP,MEDIUM,,"Dropped because Ertiga, XL6, Innova Crysta, Eeco, Bolero, and promoted Triber cover 7-seat needs with better value."
Mahindra,Nuvosport,6,SUV,not_current_in_selected_market_scope,DROP_DISCONTINUED_MODEL,,drop,False,False,False,False,"Legacy model is discontinued, superseded without selection, or outside the bounded recommendation shortlist.",https://auto.mahindra.com/suv,False,DROP,NONE,,Not part of the final small-hybrid shortlist.
Mahindra,Scorpio,9,SUV,current_in_india,KEEP_BUT_REPLACE_GENERATION,Scorpio-N / Scorpio Classic,replace_current_generation,True,True,True,False,"Legacy Scorpio should map to current Scorpio-N/Classic family, not be repriced directly.",https://auto.mahindra.com/suv,True,CORE,HIGH,highway_suv,
Mahindra,Thar,3,SUV,current_in_india,KEEP_BUT_REPLACE_GENERATION,Thar,replace_current_generation,True,True,True,False,Current Thar is newer generation than legacy rows.,https://auto.mahindra.com/suv,False,DROP,HIGH,,Dropped as niche lifestyle/off-road model with high refresh work and low broad recommendation value.
Mahindra,Tuv300,7,SUV,not_current_in_selected_market_scope,DROP_DISCONTINUED_MODEL,,drop,False,False,False,False,"Legacy model is discontinued, superseded without selection, or outside the bounded recommendation shortlist.",https://auto.mahindra.com/suv,False,DROP,NONE,,Not part of the final small-hybrid shortlist.
Mahindra,Tuv300 Plus,3,SUV,not_current_in_selected_market_scope,DROP_DISCONTINUED_MODEL,,drop,False,False,False,False,"Legacy model is discontinued, superseded without selection, or outside the bounded recommendation shortlist.",https://auto.mahindra.com/suv,False,DROP,NONE,,Not part of the final small-hybrid shortlist.
Mahindra,Verito,3,Sedan,not_current_in_selected_market_scope,DROP_DISCONTINUED_MODEL,,drop,False,False,False,False,"Legacy model is discontinued, superseded without selection, or outside the bounded recommendation shortlist.",https://auto.mahindra.com/suv,False,DROP,NONE,,Not part of the final small-hybrid shortlist.
Mahindra,Verito Vibe,3,Hatchback,not_current_in_selected_market_scope,DROP_DISCONTINUED_MODEL,,drop,False,False,False,False,"Legacy model is discontinued, superseded without selection, or outside the bounded recommendation shortlist.",https://auto.mahindra.com/suv,False,DROP,NONE,,Not part of the final small-hybrid shortlist.
Mahindra,Xuv300,11,SUV,current_audited,AUDITED_REPLACEMENT,XUV 3XO,use_audited_replacement,False,False,False,True,Audited Mahindra XUV 3XO replaces XUV300 legacy rows.,https://auto.mahindra.com/suv,True,CORE,LOW,compact_suv,
Mahindra,Xuv500,12,SUV,current_in_india,KEEP_BUT_REPLACE_GENERATION,XUV 7XO,replace_current_generation,True,True,True,False,XUV500 is obsolete; use current XUV 7XO/XUV700 successor family if retained.,https://auto.mahindra.com/suv,True,CORE,HIGH,midsize_suv,
Mahindra,Xylo,5,SUV,not_current_in_selected_market_scope,DROP_DISCONTINUED_MODEL,,drop,False,False,False,False,"Legacy model is discontinued, superseded without selection, or outside the bounded recommendation shortlist.",https://auto.mahindra.com/suv,False,DROP,NONE,,Not part of the final small-hybrid shortlist.
Maruti Suzuki,Alto,8,Hatchback,not_current_in_selected_market_scope,DROP_DISCONTINUED_MODEL,,drop,False,False,False,False,"Legacy model is discontinued, superseded without selection, or outside the bounded recommendation shortlist.",https://www.marutisuzuki.com/arena; https://www.nexaexperience.com/,False,DROP,NONE,,Not part of the final small-hybrid shortlist.
Maruti Suzuki,Alto 800 Tour,2,Hatchback,not_current_in_selected_market_scope,DROP_DISCONTINUED_MODEL,,drop,False,False,False,False,"Legacy model is discontinued, superseded without selection, or outside the bounded recommendation shortlist.",https://www.marutisuzuki.com/arena; https://www.nexaexperience.com/,False,DROP,NONE,,Not part of the final small-hybrid shortlist.
Maruti Suzuki,Alto K10,6,Hatchback,current_in_india,KEEP_BUT_REPLACE_GENERATION,Alto K10,replace_current_generation,True,True,True,False,Current Alto K10 is a newer 2022-generation car; legacy rows are old and need replacement.,https://www.marutisuzuki.com/arena; https://www.nexaexperience.com/,False,DROP,HIGH,,Dropped to avoid too many Maruti budget hatchbacks and another generation replacement.
Maruti Suzuki,Baleno,13,Hatchback,current_in_india,KEEP_BUT_REPLACE_GENERATION,Baleno,replace_current_generation,True,True,True,False,Current Baleno is the second-generation/Nexa model; retain model family but replace legacy generation specs.,https://www.marutisuzuki.com/arena; https://www.nexaexperience.com/,True,DIVERSITY,HIGH,premium_hatchback,
Maruti Suzuki,Baleno Rs,1,Hatchback,not_current_in_selected_market_scope,DROP_DISCONTINUED_MODEL,,drop,False,False,False,False,"Legacy model is discontinued, superseded without selection, or outside the bounded recommendation shortlist.",https://www.marutisuzuki.com/arena; https://www.nexaexperience.com/,False,DROP,NONE,,Not part of the final small-hybrid shortlist.
Maruti Suzuki,Celerio,11,Hatchback,current_in_india,KEEP_BUT_REPLACE_GENERATION,Celerio,replace_current_generation,True,True,True,False,Current Celerio moved to newer generation after the legacy catalogue.,https://www.marutisuzuki.com/arena; https://www.nexaexperience.com/,False,DROP,HIGH,,"Dropped as redundant budget hatchback versus WagonR, Tiago, Grand i10 NIOS, and Swift."
Maruti Suzuki,Celerio Tour,2,Hatchback,not_current_in_selected_market_scope,DROP_DISCONTINUED_MODEL,,drop,False,False,False,False,"Legacy model is discontinued, superseded without selection, or outside the bounded recommendation shortlist.",https://www.marutisuzuki.com/arena; https://www.nexaexperience.com/,False,DROP,NONE,,Not part of the final small-hybrid shortlist.
Maruti Suzuki,Celerio X,8,Hatchback,not_current_in_selected_market_scope,DROP_DISCONTINUED_MODEL,,drop,False,False,False,False,"Legacy model is discontinued, superseded without selection, or outside the bounded recommendation shortlist.",https://www.marutisuzuki.com/arena; https://www.nexaexperience.com/,False,DROP,NONE,,Not part of the final small-hybrid shortlist.
Maruti Suzuki,Ciaz,14,Sedan,not_current_in_selected_market_scope,DROP_DISCONTINUED_MODEL,,drop,False,False,False,False,"Legacy model is discontinued, superseded without selection, or outside the bounded recommendation shortlist.",https://www.marutisuzuki.com/arena; https://www.nexaexperience.com/,False,DROP,NONE,,Not part of the final small-hybrid shortlist.
Maruti Suzuki,Dzire,14,Sedan,current_in_india,KEEP_BUT_REPLACE_GENERATION,Dzire,replace_current_generation,True,True,True,False,Current Dzire is a newer-generation sedan; legacy rows are obsolete.,https://www.marutisuzuki.com/arena; https://www.nexaexperience.com/,True,DIVERSITY,HIGH,sedan,
Maruti Suzuki,Dzire Tour,3,Sedan,not_current_in_selected_market_scope,DROP_DISCONTINUED_MODEL,,drop,False,False,False,False,"Legacy model is discontinued, superseded without selection, or outside the bounded recommendation shortlist.",https://www.marutisuzuki.com/arena; https://www.nexaexperience.com/,False,DROP,NONE,,Not part of the final small-hybrid shortlist.
Maruti Suzuki,Eeco,5,MPV,current_in_india,KEEP_BUT_REFRESH_LINEUP,Eeco,refresh_current_lineup,True,True,True,False,Still listed by Maruti Arena and useful as budget van/MPV coverage.,https://www.marutisuzuki.com/arena; https://www.nexaexperience.com/,True,DIVERSITY,LOW,mpv_7_seater,
Maruti Suzuki,Ertiga,10,MPV|MUV,current_in_india,KEEP_BUT_REFRESH_LINEUP,Ertiga,refresh_current_lineup,True,True,True,False,Still listed by Maruti Arena; important CNG/MPV family model.,https://www.marutisuzuki.com/arena; https://www.nexaexperience.com/,True,CORE,LOW,mpv_7_seater,
Maruti Suzuki,Gypsy,2,SUV,not_current_in_selected_market_scope,DROP_DISCONTINUED_MODEL,,drop,False,False,False,False,"Legacy model is discontinued, superseded without selection, or outside the bounded recommendation shortlist.",https://www.marutisuzuki.com/arena; https://www.nexaexperience.com/,False,DROP,NONE,,Not part of the final small-hybrid shortlist.
Maruti Suzuki,Ignis,7,Hatchback,not_current_in_selected_market_scope,DROP_DISCONTINUED_MODEL,,drop,False,False,False,False,"Legacy model is discontinued, superseded without selection, or outside the bounded recommendation shortlist.",https://www.marutisuzuki.com/arena; https://www.nexaexperience.com/,False,DROP,NONE,,Not part of the final small-hybrid shortlist.
Maruti Suzuki,Omni,2,MPV,not_current_in_selected_market_scope,DROP_DISCONTINUED_MODEL,,drop,False,False,False,False,"Legacy model is discontinued, superseded without selection, or outside the bounded recommendation shortlist.",https://www.marutisuzuki.com/arena; https://www.nexaexperience.com/,False,DROP,NONE,,Not part of the final small-hybrid shortlist.
Maruti Suzuki,S-Cross,4,Crossover,not_current_in_selected_market_scope,DROP_DISCONTINUED_MODEL,,drop,False,False,False,False,"Legacy model is discontinued, superseded without selection, or outside the bounded recommendation shortlist.",https://www.marutisuzuki.com/arena; https://www.nexaexperience.com/,False,DROP,NONE,,Not part of the final small-hybrid shortlist.
Maruti Suzuki,S-Presso,10,Hatchback,current_in_india,KEEP_BUT_REFRESH_LINEUP,S-Presso,refresh_current_lineup,True,True,True,False,Still listed by Maruti Arena; budget hatch/crossover coverage.,https://www.marutisuzuki.com/arena; https://www.nexaexperience.com/,False,DROP,MEDIUM,,Dropped as redundant budget hatch/crossover with lower recommendation value.
Maruti Suzuki,Swift,14,Hatchback,current_audited,AUDITED_REPLACEMENT,Swift,use_audited_replacement,False,False,False,True,Audited Maruti Suzuki Swift rows are authoritative.,https://www.marutisuzuki.com/arena; https://www.nexaexperience.com/,True,CORE,LOW,budget_hatchback,
Maruti Suzuki,Vitara Brezza,9,SUV,current_in_india,KEEP_BUT_REPLACE_GENERATION,Brezza,replace_current_generation,True,True,True,False,Legacy Vitara Brezza became current Brezza generation; replace not reprice.,https://www.marutisuzuki.com/arena; https://www.nexaexperience.com/,True,CORE,HIGH,compact_suv,
Maruti Suzuki,Xl6,4,MPV,current_in_india,KEEP_BUT_REFRESH_LINEUP,XL6,refresh_current_lineup,True,True,True,False,Current Nexa MPV; keep for 6-seat family coverage.,https://www.marutisuzuki.com/arena; https://www.nexaexperience.com/,True,DIVERSITY,LOW,mpv_7_seater,
Maruti Suzuki R,Wagon,14,Hatchback,current_in_india,KEEP_BUT_REFRESH_LINEUP,WagonR,normalize_identity_and_refresh,True,True,True,False,"Recover bad legacy make/model identity as Maruti Suzuki WagonR, current Arena hatchback.",https://www.marutisuzuki.com/arena; https://www.nexaexperience.com/,True,DIVERSITY,MEDIUM,budget_hatchback,
Maserati,Ghibli,3,,not_current_in_selected_market_scope,DROP_DISCONTINUED_MODEL,,drop,False,False,False,False,"Legacy model is discontinued, superseded without selection, or outside the bounded recommendation shortlist.",,False,DROP,NONE,,Not part of the final small-hybrid shortlist.
Maserati,Grancabrio,1,Convertible,not_current_in_selected_market_scope,DROP_DISCONTINUED_MODEL,,drop,False,False,False,False,"Legacy model is discontinued, superseded without selection, or outside the bounded recommendation shortlist.",,False,DROP,NONE,,Not part of the final small-hybrid shortlist.
Maserati,Granturismo,1,Coupe,not_current_in_selected_market_scope,DROP_DISCONTINUED_MODEL,,drop,False,False,False,False,"Legacy model is discontinued, superseded without selection, or outside the bounded recommendation shortlist.",,False,DROP,NONE,,Not part of the final small-hybrid shortlist.
Maserati,Levante,3,SUV,not_current_in_selected_market_scope,DROP_DISCONTINUED_MODEL,,drop,False,False,False,False,"Legacy model is discontinued, superseded without selection, or outside the bounded recommendation shortlist.",,False,DROP,NONE,,Not part of the final small-hybrid shortlist.
Maserati,Quattroporte,1,Sports,not_current_in_selected_market_scope,DROP_DISCONTINUED_MODEL,,drop,False,False,False,False,"Legacy model is discontinued, superseded without selection, or outside the bounded recommendation shortlist.",,False,DROP,NONE,,Not part of the final small-hybrid shortlist.
Mg,Hector,11,SUV,current_in_india,KEEP_BUT_REPLACE_GENERATION,MG Hector,replace_current_generation,True,True,True,False,MG Hector is current but facelifted/expanded; replace old lineup specs.,https://www.mgmotor.co.in/,True,DIVERSITY,HIGH,midsize_suv,
MG,Windsor EV,0,,current_audited_model_not_in_legacy,AUDITED_REPLACEMENT,Windsor EV,use_audited_replacement,False,False,False,True,Audited MG Windsor EV rows are authoritative and must be included despite no 2021 legacy family.,https://www.mgmotor.co.in/,True,CORE,LOW,ev,
Mg,Zs Ev,2,SUV,current_in_india,KEEP_BUT_REPLACE_GENERATION,MG ZS EV,replace_current_generation,True,True,True,False,MG ZS EV is current but legacy rows predate major EV refresh.,https://www.mgmotor.co.in/,False,DROP,HIGH,,Dropped because Windsor EV and Nexon EV provide enough EV coverage with less legacy replacement work.
Mini,Clubman,1,Hatchback,not_current_in_selected_market_scope,DROP_DISCONTINUED_MODEL,,drop,False,False,False,False,"Legacy model is discontinued, superseded without selection, or outside the bounded recommendation shortlist.",,False,DROP,NONE,,Not part of the final small-hybrid shortlist.
Mini,Convertible,1,Convertible,not_current_in_selected_market_scope,DROP_DISCONTINUED_MODEL,,drop,False,False,False,False,"Legacy model is discontinued, superseded without selection, or outside the bounded recommendation shortlist.",,False,DROP,NONE,,Not part of the final small-hybrid shortlist.
Mini,Cooper 3 Door,2,Hatchback,not_current_in_selected_market_scope,DROP_DISCONTINUED_MODEL,,drop,False,False,False,False,"Legacy model is discontinued, superseded without selection, or outside the bounded recommendation shortlist.",,False,DROP,NONE,,Not part of the final small-hybrid shortlist.
Mini,Cooper 5 Door,1,Hatchback,not_current_in_selected_market_scope,DROP_DISCONTINUED_MODEL,,drop,False,False,False,False,"Legacy model is discontinued, superseded without selection, or outside the bounded recommendation shortlist.",,False,DROP,NONE,,Not part of the final small-hybrid shortlist.
Mini,Countryman,4,Hatchback,not_current_in_selected_market_scope,DROP_DISCONTINUED_MODEL,,drop,False,False,False,False,"Legacy model is discontinued, superseded without selection, or outside the bounded recommendation shortlist.",,False,DROP,NONE,,Not part of the final small-hybrid shortlist.
Mini,John Cooper Works,1,"Sports, Hatchback",not_current_in_selected_market_scope,DROP_DISCONTINUED_MODEL,,drop,False,False,False,False,"Legacy model is discontinued, superseded without selection, or outside the bounded recommendation shortlist.",,False,DROP,NONE,,Not part of the final small-hybrid shortlist.
Mitsubishi,Montero,1,SUV,make_discontinued_or_no_current_india_passenger_sales,DROP_DISCONTINUED_MAKE,,drop,False,False,False,False,Make is discontinued/absent from current Indian passenger-car market for this compact refresh scope.,,False,DROP,NONE,,Not part of the final small-hybrid shortlist.
Mitsubishi,Outlander,1,SUV,make_discontinued_or_no_current_india_passenger_sales,DROP_DISCONTINUED_MAKE,,drop,False,False,False,False,Make is discontinued/absent from current Indian passenger-car market for this compact refresh scope.,,False,DROP,NONE,,Not part of the final small-hybrid shortlist.
Mitsubishi,Pajero Sport,5,SUV,make_discontinued_or_no_current_india_passenger_sales,DROP_DISCONTINUED_MAKE,,drop,False,False,False,False,Make is discontinued/absent from current Indian passenger-car market for this compact refresh scope.,,False,DROP,NONE,,Not part of the final small-hybrid shortlist.
Nissan,Gtr,1,Coupe,not_current_in_selected_market_scope,DROP_DISCONTINUED_MODEL,,drop,False,False,False,False,Legacy Nissan model is no longer part of the current India passenger shortlist; current Nissan alternatives are outside this 2021 legacy mapping.,,False,DROP,NONE,,Not part of the final small-hybrid shortlist.
Nissan,Kicks,8,SUV,not_current_in_selected_market_scope,DROP_DISCONTINUED_MODEL,,drop,False,False,False,False,Legacy Nissan model is no longer part of the current India passenger shortlist; current Nissan alternatives are outside this 2021 legacy mapping.,,False,DROP,NONE,,Not part of the final small-hybrid shortlist.
Nissan,Micra,4,Hatchback,not_current_in_selected_market_scope,DROP_DISCONTINUED_MODEL,,drop,False,False,False,False,Legacy Nissan model is no longer part of the current India passenger shortlist; current Nissan alternatives are outside this 2021 legacy mapping.,,False,DROP,NONE,,Not part of the final small-hybrid shortlist.
Nissan,Micra Active,3,Hatchback,not_current_in_selected_market_scope,DROP_DISCONTINUED_MODEL,,drop,False,False,False,False,Legacy Nissan model is no longer part of the current India passenger shortlist; current Nissan alternatives are outside this 2021 legacy mapping.,,False,DROP,NONE,,Not part of the final small-hybrid shortlist.
Nissan,Sunny,7,Sedan,not_current_in_selected_market_scope,DROP_DISCONTINUED_MODEL,,drop,False,False,False,False,Legacy Nissan model is no longer part of the current India passenger shortlist; current Nissan alternatives are outside this 2021 legacy mapping.,,False,DROP,NONE,,Not part of the final small-hybrid shortlist.
Nissan,Terrano,6,SUV,not_current_in_selected_market_scope,DROP_DISCONTINUED_MODEL,,drop,False,False,False,False,Legacy Nissan model is no longer part of the current India passenger shortlist; current Nissan alternatives are outside this 2021 legacy mapping.,,False,DROP,NONE,,Not part of the final small-hybrid shortlist.
Porsche,718,2,Convertible|Coupe,not_current_in_selected_market_scope,DROP_DISCONTINUED_MODEL,,drop,False,False,False,False,"Legacy model is discontinued, superseded without selection, or outside the bounded recommendation shortlist.",,False,DROP,NONE,,Not part of the final small-hybrid shortlist.
Porsche,911,2,Convertible|Coupe,not_current_in_selected_market_scope,DROP_DISCONTINUED_MODEL,,drop,False,False,False,False,"Legacy model is discontinued, superseded without selection, or outside the bounded recommendation shortlist.",,False,DROP,NONE,,Not part of the final small-hybrid shortlist.
Porsche,Cayenne,3,SUV,not_current_in_selected_market_scope,DROP_DISCONTINUED_MODEL,,drop,False,False,False,False,"Legacy model is discontinued, superseded without selection, or outside the bounded recommendation shortlist.",,False,DROP,NONE,,Not part of the final small-hybrid shortlist.
Porsche,Cayenne Coupe,2,,not_current_in_selected_market_scope,DROP_DISCONTINUED_MODEL,,drop,False,False,False,False,"Legacy model is discontinued, superseded without selection, or outside the bounded recommendation shortlist.",,False,DROP,NONE,,Not part of the final small-hybrid shortlist.
Porsche,Macan,2,SUV,not_current_in_selected_market_scope,DROP_DISCONTINUED_MODEL,,drop,False,False,False,False,"Legacy model is discontinued, superseded without selection, or outside the bounded recommendation shortlist.",,False,DROP,NONE,,Not part of the final small-hybrid shortlist.
Porsche,Panamera,3,Sedan,not_current_in_selected_market_scope,DROP_DISCONTINUED_MODEL,,drop,False,False,False,False,"Legacy model is discontinued, superseded without selection, or outside the bounded recommendation shortlist.",,False,DROP,NONE,,Not part of the final small-hybrid shortlist.
Premier,Rio,6,SUV,make_discontinued_or_no_current_india_passenger_sales,DROP_DISCONTINUED_MAKE,,drop,False,False,False,False,Make is discontinued/absent from current Indian passenger-car market for this compact refresh scope.,,False,DROP,NONE,,Not part of the final small-hybrid shortlist.
Renault,Captur,4,SUV,not_current_in_selected_market_scope,DROP_DISCONTINUED_MODEL,,drop,False,False,False,False,"Legacy model is discontinued, superseded without selection, or outside the bounded recommendation shortlist.",https://www.renault.co.in/cars.html,False,DROP,NONE,,Not part of the final small-hybrid shortlist.
Renault,Duster,9,SUV,not_current_in_selected_market_scope,DROP_DISCONTINUED_MODEL,,drop,False,False,False,False,"Legacy model is discontinued, superseded without selection, or outside the bounded recommendation shortlist.",https://www.renault.co.in/cars.html,False,DROP,NONE,,Not part of the final small-hybrid shortlist.
Renault,Kwid,12,Hatchback,current_or_successor_available_not_shortlisted,REVIEW_REQUIRED,Kwid,review_if_expanding_scope,True,True,True,False,"Current Renault model, omitted because shortlist already has enough budget hatchbacks.",https://www.renault.co.in/cars.html,False,DROP,HIGH,,Review-required model not promoted; does not add enough value for this small hybrid refresh.
Renault,Lodgy,7,MUV,not_current_in_selected_market_scope,DROP_DISCONTINUED_MODEL,,drop,False,False,False,False,"Legacy model is discontinued, superseded without selection, or outside the bounded recommendation shortlist.",https://www.renault.co.in/cars.html,False,DROP,NONE,,Not part of the final small-hybrid shortlist.
Renault,Triber,4,MUV,current_promoted_for_final_shortlist,KEEP_BUT_REFRESH_LINEUP,Triber,refresh_current_lineup,True,True,True,False,Promoted review case for affordable 7-seat diversity and extra manufacturer coverage.,https://www.renault.co.in/cars.html,True,DIVERSITY,MEDIUM,mpv_7_seater,
Skoda,Kodiaq,3,SUV,current_or_successor_available_not_shortlisted,REVIEW_REQUIRED,Kodiaq,review_if_expanding_scope,True,True,True,False,"Current premium SUV, omitted as high-price/low-volume.",https://www.skoda-auto.co.in/,False,DROP,HIGH,,Review-required model not promoted; does not add enough value for this small hybrid refresh.
Skoda,Kodiaq Scout,1,SUV,not_current_in_selected_market_scope,DROP_DISCONTINUED_MODEL,,drop,False,False,False,False,"Legacy model is discontinued, superseded without selection, or outside the bounded recommendation shortlist.",https://www.skoda-auto.co.in/,False,DROP,NONE,,Not part of the final small-hybrid shortlist.
Skoda,Monte Carlo,4,Sedan,not_current_in_selected_market_scope,DROP_DISCONTINUED_MODEL,,drop,False,False,False,False,"Legacy model is discontinued, superseded without selection, or outside the bounded recommendation shortlist.",https://www.skoda-auto.co.in/,False,DROP,NONE,,Not part of the final small-hybrid shortlist.
Skoda,Octavia,12,Sedan,not_current_in_selected_market_scope,DROP_DISCONTINUED_MODEL,,drop,False,False,False,False,"Legacy model is discontinued, superseded without selection, or outside the bounded recommendation shortlist.",https://www.skoda-auto.co.in/,False,DROP,NONE,,Not part of the final small-hybrid shortlist.
Skoda,Rapid,14,Sedan,current_or_successor_available_not_shortlisted,REVIEW_REQUIRED,Rapid,review_if_expanding_scope,True,True,True,False,Replaced by Slavia; not selected because sedan coverage already met by City/Verna/Dzire/Amaze.,https://www.skoda-auto.co.in/,False,DROP,HIGH,,Review-required model not promoted; does not add enough value for this small hybrid refresh.
Skoda,Superb,7,Sedan,current_or_successor_available_not_shortlisted,REVIEW_REQUIRED,Superb,review_if_expanding_scope,True,True,True,False,Possible/import premium sedan; omitted as low-volume/high-price.,https://www.skoda-auto.co.in/,False,DROP,HIGH,,Review-required model not promoted; does not add enough value for this small hybrid refresh.
Skoda,Superb Sportline,2,Sedan,not_current_in_selected_market_scope,DROP_DISCONTINUED_MODEL,,drop,False,False,False,False,"Legacy model is discontinued, superseded without selection, or outside the bounded recommendation shortlist.",https://www.skoda-auto.co.in/,False,DROP,NONE,,Not part of the final small-hybrid shortlist.
Tata,Altroz,10,Hatchback,current_in_india,KEEP_BUT_REFRESH_LINEUP,Altroz,refresh_current_lineup,True,True,True,False,"Current Tata hatchback; useful for hatchback, diesel/CNG/petrol diversity after refresh.",https://m.economictimes.com/news/new-updates/tata-motors-june-2026-discounts-up-to-rs-55000-off-on-nexon-curvv-harrier-safari-altroz-tiago-and-tigor/articleshow/131505364.cms,True,DIVERSITY,LOW,premium_hatchback,
Tata,Bolt,8,Hatchback,not_current_in_selected_market_scope,DROP_DISCONTINUED_MODEL,,drop,False,False,False,False,"Legacy model is discontinued, superseded without selection, or outside the bounded recommendation shortlist.",https://m.economictimes.com/news/new-updates/tata-motors-june-2026-discounts-up-to-rs-55000-off-on-nexon-curvv-harrier-safari-altroz-tiago-and-tigor/articleshow/131505364.cms,False,DROP,NONE,,Not part of the final small-hybrid shortlist.
Tata,Harrier,6,Hatchback|SUV,current_in_india,KEEP_BUT_REPLACE_GENERATION,Harrier,replace_current_generation,True,True,True,False,Current Harrier received major update; legacy early rows should be replaced/reviewed.,https://m.economictimes.com/news/new-updates/tata-motors-june-2026-discounts-up-to-rs-55000-off-on-nexon-curvv-harrier-safari-altroz-tiago-and-tigor/articleshow/131505364.cms,True,CORE,HIGH,highway_suv,
Tata,Hexa,7,SUV,not_current_in_selected_market_scope,DROP_DISCONTINUED_MODEL,,drop,False,False,False,False,"Legacy model is discontinued, superseded without selection, or outside the bounded recommendation shortlist.",https://m.economictimes.com/news/new-updates/tata-motors-june-2026-discounts-up-to-rs-55000-off-on-nexon-curvv-harrier-safari-altroz-tiago-and-tigor/articleshow/131505364.cms,False,DROP,NONE,,Not part of the final small-hybrid shortlist.
Tata,Nano Genx,6,Hatchback,not_current_in_selected_market_scope,DROP_DISCONTINUED_MODEL,,drop,False,False,False,False,"Legacy model is discontinued, superseded without selection, or outside the bounded recommendation shortlist.",https://m.economictimes.com/news/new-updates/tata-motors-june-2026-discounts-up-to-rs-55000-off-on-nexon-curvv-harrier-safari-altroz-tiago-and-tigor/articleshow/131505364.cms,False,DROP,NONE,,Not part of the final small-hybrid shortlist.
Tata,Nexon,24,SUV,current_audited,AUDITED_REPLACEMENT,Nexon,use_audited_replacement,False,False,False,True,Audited Tata Nexon rows are authoritative.,https://m.economictimes.com/news/new-updates/tata-motors-june-2026-discounts-up-to-rs-55000-off-on-nexon-curvv-harrier-safari-altroz-tiago-and-tigor/articleshow/131505364.cms,True,CORE,LOW,compact_suv,
Tata,Nexon Ev,3,SUV,current_in_india,KEEP_BUT_REFRESH_LINEUP,Nexon EV,refresh_current_lineup,True,True,True,False,Current EV derivative is useful for EV coverage; do not merge with ICE audited rows without explicit EV audit.,https://m.economictimes.com/news/new-updates/tata-motors-june-2026-discounts-up-to-rs-55000-off-on-nexon-curvv-harrier-safari-altroz-tiago-and-tigor/articleshow/131505364.cms,True,DIVERSITY,MEDIUM,ev,
Tata,Safari Storme,4,SUV,current_in_india,KEEP_BUT_REPLACE_GENERATION,Safari,replace_current_generation,True,True,True,False,Safari Storme is obsolete; current Safari is a different modern generation.,https://m.economictimes.com/news/new-updates/tata-motors-june-2026-discounts-up-to-rs-55000-off-on-nexon-curvv-harrier-safari-altroz-tiago-and-tigor/articleshow/131505364.cms,False,DROP,HIGH,,"Dropped because Harrier, XUV 7XO, Fortuner, Scorpio, Hector, and Creta cover SUV roles with less duplicate replacement."
Tata,Tiago,8,Hatchback,current_in_india,KEEP_BUT_REFRESH_LINEUP,Tiago,refresh_current_lineup,True,True,True,False,Current Tata budget hatchback; keep with price/lineup refresh.,https://m.economictimes.com/news/new-updates/tata-motors-june-2026-discounts-up-to-rs-55000-off-on-nexon-curvv-harrier-safari-altroz-tiago-and-tigor/articleshow/131505364.cms,True,DIVERSITY,LOW,budget_hatchback,
Tata,Tiago Nrg,3,Crossover,not_current_in_selected_market_scope,DROP_DISCONTINUED_MODEL,,drop,False,False,False,False,"Legacy model is discontinued, superseded without selection, or outside the bounded recommendation shortlist.",https://m.economictimes.com/news/new-updates/tata-motors-june-2026-discounts-up-to-rs-55000-off-on-nexon-curvv-harrier-safari-altroz-tiago-and-tigor/articleshow/131505364.cms,False,DROP,NONE,,Not part of the final small-hybrid shortlist.
Tata,Tigor,6,Sedan,current_in_india,KEEP_BUT_REFRESH_LINEUP,Tigor,refresh_current_lineup,True,True,True,False,Current compact sedan; keep with price/lineup refresh.,https://m.economictimes.com/news/new-updates/tata-motors-june-2026-discounts-up-to-rs-55000-off-on-nexon-curvv-harrier-safari-altroz-tiago-and-tigor/articleshow/131505364.cms,True,OPTIONAL,LOW,sedan,
Tata,Tigor Ev,3,Sedan,not_current_in_selected_market_scope,DROP_DISCONTINUED_MODEL,,drop,False,False,False,False,"Legacy model is discontinued, superseded without selection, or outside the bounded recommendation shortlist.",https://m.economictimes.com/news/new-updates/tata-motors-june-2026-discounts-up-to-rs-55000-off-on-nexon-curvv-harrier-safari-altroz-tiago-and-tigor/articleshow/131505364.cms,False,DROP,NONE,,Not part of the final small-hybrid shortlist.
Tata,Winger,1,MUV,not_current_in_selected_market_scope,DROP_DISCONTINUED_MODEL,,drop,False,False,False,False,"Legacy model is discontinued, superseded without selection, or outside the bounded recommendation shortlist.",https://m.economictimes.com/news/new-updates/tata-motors-june-2026-discounts-up-to-rs-55000-off-on-nexon-curvv-harrier-safari-altroz-tiago-and-tigor/articleshow/131505364.cms,False,DROP,NONE,,Not part of the final small-hybrid shortlist.
Tata,Zest,11,Sedan,not_current_in_selected_market_scope,DROP_DISCONTINUED_MODEL,,drop,False,False,False,False,"Legacy model is discontinued, superseded without selection, or outside the bounded recommendation shortlist.",https://m.economictimes.com/news/new-updates/tata-motors-june-2026-discounts-up-to-rs-55000-off-on-nexon-curvv-harrier-safari-altroz-tiago-and-tigor/articleshow/131505364.cms,False,DROP,NONE,,Not part of the final small-hybrid shortlist.
Toyota,Camry,1,Sedan,current_or_successor_available_not_shortlisted,REVIEW_REQUIRED,Camry,review_if_expanding_scope,True,True,True,False,"Current hybrid sedan, omitted to keep premium models bounded.",https://www.toyotabharat.com/,False,DROP,HIGH,,Review-required model not promoted; does not add enough value for this small hybrid refresh.
Toyota,Corolla Altis,6,Sedan,not_current_in_selected_market_scope,DROP_DISCONTINUED_MODEL,,drop,False,False,False,False,"Legacy model is discontinued, superseded without selection, or outside the bounded recommendation shortlist.",https://www.toyotabharat.com/,False,DROP,NONE,,Not part of the final small-hybrid shortlist.
Toyota,Etios Cross,6,Hatchback,not_current_in_selected_market_scope,DROP_DISCONTINUED_MODEL,,drop,False,False,False,False,"Legacy model is discontinued, superseded without selection, or outside the bounded recommendation shortlist.",https://www.toyotabharat.com/,False,DROP,NONE,,Not part of the final small-hybrid shortlist.
Toyota,Etios Liva,14,Hatchback,not_current_in_selected_market_scope,DROP_DISCONTINUED_MODEL,,drop,False,False,False,False,"Legacy model is discontinued, superseded without selection, or outside the bounded recommendation shortlist.",https://www.toyotabharat.com/,False,DROP,NONE,,Not part of the final small-hybrid shortlist.
Toyota,Fortuner,7,SUV,current_in_india,KEEP_BUT_REFRESH_LINEUP,Fortuner,refresh_current_lineup,True,True,True,False,Official Toyota page lists Fortuner; important diesel SUV/premium-lite family.,https://www.toyotabharat.com/,True,DIVERSITY,LOW,premium_lite,
Toyota,Glanza,5,Hatchback,current_in_india,KEEP_BUT_REPLACE_GENERATION,Glanza,replace_current_generation,True,True,True,False,Current Glanza is newer Baleno-based generation; replace old rows.,https://www.toyotabharat.com/,False,DROP,HIGH,,Dropped from final shortlist as a Baleno-overlap high-effort generation replacement; Toyota coverage remains via Fortuner and Innova Crysta.
Toyota,Innova Crysta,16,MUV,current_in_india,KEEP_BUT_REFRESH_LINEUP,Innova Crysta,refresh_current_lineup,True,True,True,False,Official Toyota page lists Innova Crysta; keep for diesel MPV/7-seat coverage.,https://www.toyotabharat.com/,True,CORE,LOW,mpv_7_seater,
Toyota,Land Cruiser,1,SUV,current_or_successor_available_not_shortlisted,REVIEW_REQUIRED,Land Cruiser,review_if_expanding_scope,True,True,True,False,Current but ultra-premium; omitted from compact recommendation set.,https://www.toyotabharat.com/,False,DROP,HIGH,,Review-required model not promoted; does not add enough value for this small hybrid refresh.
Toyota,Land Cruiser Prado,1,SUV,not_current_in_selected_market_scope,DROP_DISCONTINUED_MODEL,,drop,False,False,False,False,"Legacy model is discontinued, superseded without selection, or outside the bounded recommendation shortlist.",https://www.toyotabharat.com/,False,DROP,NONE,,Not part of the final small-hybrid shortlist.
Toyota,Platinum Etios,10,Sedan,not_current_in_selected_market_scope,DROP_DISCONTINUED_MODEL,,drop,False,False,False,False,"Legacy model is discontinued, superseded without selection, or outside the bounded recommendation shortlist.",https://www.toyotabharat.com/,False,DROP,NONE,,Not part of the final small-hybrid shortlist.
Toyota,Prius,1,Sedan,not_current_in_selected_market_scope,DROP_DISCONTINUED_MODEL,,drop,False,False,False,False,"Legacy model is discontinued, superseded without selection, or outside the bounded recommendation shortlist.",https://www.toyotabharat.com/,False,DROP,NONE,,Not part of the final small-hybrid shortlist.
Toyota,Yaris,14,Sedan,not_current_in_selected_market_scope,DROP_DISCONTINUED_MODEL,,drop,False,False,False,False,"Legacy model is discontinued, superseded without selection, or outside the bounded recommendation shortlist.",https://www.toyotabharat.com/,False,DROP,NONE,,Not part of the final small-hybrid shortlist.
Volkswagen,Ameo,8,Sedan,not_current_in_selected_market_scope,DROP_DISCONTINUED_MODEL,,drop,False,False,False,False,"Legacy model is discontinued, superseded without selection, or outside the bounded recommendation shortlist.",https://www.volkswagen.co.in/en.html,False,DROP,NONE,,Not part of the final small-hybrid shortlist.
Volkswagen,Passat,4,Sedan,not_current_in_selected_market_scope,DROP_DISCONTINUED_MODEL,,drop,False,False,False,False,"Legacy model is discontinued, superseded without selection, or outside the bounded recommendation shortlist.",https://www.volkswagen.co.in/en.html,False,DROP,NONE,,Not part of the final small-hybrid shortlist.
Volkswagen,Polo,8,Hatchback,not_current_in_selected_market_scope,DROP_DISCONTINUED_MODEL,,drop,False,False,False,False,"Legacy model is discontinued, superseded without selection, or outside the bounded recommendation shortlist.",https://www.volkswagen.co.in/en.html,False,DROP,NONE,,Not part of the final small-hybrid shortlist.
Volkswagen,Tiguan,2,SUV,current_or_successor_available_not_shortlisted,REVIEW_REQUIRED,Tiguan,review_if_expanding_scope,True,True,True,False,"Current Tiguan R-Line, omitted as premium/low-volume.",https://www.volkswagen.co.in/en.html,False,DROP,HIGH,,Review-required model not promoted; does not add enough value for this small hybrid refresh.
Volkswagen,Vento,12,Hatchback|Sedan,current_or_successor_available_not_shortlisted,REVIEW_REQUIRED,Vento,review_if_expanding_scope,True,True,True,False,Replaced by Virtus; not selected because sedan coverage already sufficient.,https://www.volkswagen.co.in/en.html,False,DROP,HIGH,,Review-required model not promoted; does not add enough value for this small hybrid refresh.
Volvo,S60,2,Sedan,not_current_in_selected_market_scope,DROP_DISCONTINUED_MODEL,,drop,False,False,False,False,"Legacy model is discontinued, superseded without selection, or outside the bounded recommendation shortlist.",,False,DROP,NONE,,Not part of the final small-hybrid shortlist.
Volvo,S60 Cross Country,1,"Sedan, Crossover",not_current_in_selected_market_scope,DROP_DISCONTINUED_MODEL,,drop,False,False,False,False,"Legacy model is discontinued, superseded without selection, or outside the bounded recommendation shortlist.",,False,DROP,NONE,,Not part of the final small-hybrid shortlist.
Volvo,S90,1,Sedan,not_current_in_selected_market_scope,DROP_DISCONTINUED_MODEL,,drop,False,False,False,False,"Legacy model is discontinued, superseded without selection, or outside the bounded recommendation shortlist.",,False,DROP,NONE,,Not part of the final small-hybrid shortlist.
Volvo,V40,2,Hatchback,not_current_in_selected_market_scope,DROP_DISCONTINUED_MODEL,,drop,False,False,False,False,"Legacy model is discontinued, superseded without selection, or outside the bounded recommendation shortlist.",,False,DROP,NONE,,Not part of the final small-hybrid shortlist.
Volvo,V40 Cross Country,2,Hatchback,not_current_in_selected_market_scope,DROP_DISCONTINUED_MODEL,,drop,False,False,False,False,"Legacy model is discontinued, superseded without selection, or outside the bounded recommendation shortlist.",,False,DROP,NONE,,Not part of the final small-hybrid shortlist.
Volvo,V90 Cross Country,1,SUV,not_current_in_selected_market_scope,DROP_DISCONTINUED_MODEL,,drop,False,False,False,False,"Legacy model is discontinued, superseded without selection, or outside the bounded recommendation shortlist.",,False,DROP,NONE,,Not part of the final small-hybrid shortlist.
Volvo,Xc40,3,SUV,not_current_in_selected_market_scope,DROP_DISCONTINUED_MODEL,,drop,False,False,False,False,"Legacy model is discontinued, superseded without selection, or outside the bounded recommendation shortlist.",,False,DROP,NONE,,Not part of the final small-hybrid shortlist.
Volvo,Xc60,1,SUV,not_current_in_selected_market_scope,DROP_DISCONTINUED_MODEL,,drop,False,False,False,False,"Legacy model is discontinued, superseded without selection, or outside the bounded recommendation shortlist.",,False,DROP,NONE,,Not part of the final small-hybrid shortlist.
Volvo,Xc90,5,SUV,not_current_in_selected_market_scope,DROP_DISCONTINUED_MODEL,,drop,False,False,False,False,"Legacy model is discontinued, superseded without selection, or outside the bounded recommendation shortlist.",,False,DROP,NONE,,Not part of the final small-hybrid shortlist.
